target,model,experiment,roc_auc_mean,roc_auc_std,pr_auc_mean,pr_auc_std,f1_mean,f1_std,recall_mean,specificity_mean
CAD,Logistic Regression (Default),Baseline (All Features),0.9165251696168248,0.03475544360445465,0.9646295238671401,0.015505398080712732,0.8944310853632946,0.031714973024035004,0.8952008456659619,0.7384313725490196
CAD,Logistic Regression (Default),Ablation 1: Exclude Region RWMA,0.9126685459243599,0.03402919557728246,0.9618850644531295,0.016194068899076892,0.8913887482844355,0.035147593682650774,0.897970401691332,0.7135947712418301
CAD,Logistic Regression (Default),Ablation 2: Exclude Near-Constant Features,0.9189230195249345,0.033132178984744264,0.9656101259436548,0.014501479803803424,0.8933192212661085,0.03231661892129928,0.8961733615221987,0.729281045751634
LAD,Random Forest (Balanced),Baseline (All Features),0.8453173626373627,0.050160484782191275,0.87643312819779,0.04612805031937615,0.8287277739030731,0.04096402535876032,0.895079365079365,0.6271384615384615
LAD,Random Forest (Balanced),Ablation 1: Exclude Region RWMA,0.8275557509157508,0.04201290328060719,0.8466956816837461,0.04947687734040435,0.8249305351601088,0.03742054110853496,0.8917142857142857,0.6208615384615385
LAD,Random Forest (Balanced),Ablation 2: Exclude Near-Constant Features,0.8413573137973138,0.04557969164217504,0.8707349149447157,0.0454327992045069,0.8253584060328201,0.034336827107736285,0.8952380952380953,0.616123076923077
LCX,SVM (Balanced),Baseline (All Features),0.7136175033729382,0.07069874030563482,0.5780145167841119,0.08770871928758724,0.5118322280038027,0.08333901221121928,0.44673913043478264,0.8105405405405406
LCX,SVM (Balanced),Ablation 1: Exclude Region RWMA,0.7125939798494147,0.07390106652589547,0.5803073088295657,0.08709592614430846,0.5100301276112718,0.09217430830423372,0.44514492753623186,0.8127027027027027
LCX,SVM (Balanced),Ablation 2: Exclude Near-Constant Features,0.7132485746616182,0.07118253083431392,0.5774168269642936,0.08919584370890996,0.514806420820121,0.08470281411244258,0.4485507246376812,0.8149249249249249
RCA,Logistic Regression (Balanced),Baseline (All Features),0.7140385923681117,0.0616577689170835,0.5918594662940285,0.08039839732590062,0.5779835578119431,0.07163832280672154,0.6244268774703557,0.6827596017069701
RCA,Logistic Regression (Balanced),Ablation 1: Exclude Region RWMA,0.7110695550970151,0.06083070069815045,0.5912363055938606,0.07632254362419946,0.5798619828901287,0.07001379139292367,0.6261660079051383,0.6827311522048365
RCA,Logistic Regression (Balanced),Ablation 2: Exclude Near-Constant Features,0.717168768518883,0.05976763960472668,0.5933954835905795,0.07214980758536349,0.5785447605608713,0.07953975158089033,0.6312252964426878,0.6743385490753913
