target,model,calibration,roc_auc,pr_auc,f1,recall,specificity,brier_score
CAD,Logistic Regression (Default),Uncalibrated,0.917624521072797,0.9651048287719444,0.9002320185614849,0.8981481481481481,0.7586206896551724,0.10406967953522266
CAD,Logistic Regression (Default),Sigmoid,0.9161877394636015,0.9634360135076274,0.9041095890410958,0.9166666666666666,0.7241379310344828,0.10464935112234851
CAD,Logistic Regression (Default),Isotonic,0.9160547041294168,0.962167649766046,0.8935185185185185,0.8935185185185185,0.735632183908046,0.10285086533834316
LAD,Random Forest (Balanced),Uncalibrated,0.8505963590709353,0.8853824988748172,0.8363636363636363,0.9096045197740112,0.626984126984127,0.16188289108910892
LAD,Random Forest (Balanced),Sigmoid,0.847816339341763,0.8836932164684507,0.816,0.864406779661017,0.6428571428571429,0.1552669922133844
LAD,Random Forest (Balanced),Isotonic,0.8442292171105731,0.8778920783012909,0.8203753351206434,0.864406779661017,0.6587301587301587,0.15437581126033667
LCX,SVM (Balanced),Uncalibrated,0.7267537449762513,0.5809469611002852,0.526829268292683,0.453781512605042,0.8260869565217391,0.20572932515972744
LCX,SVM (Balanced),Sigmoid,0.7277584947022286,0.575556116750552,0.45652173913043476,0.35294117647058826,0.875,0.20820279699307612
LCX,SVM (Balanced),Isotonic,0.7216843259042748,0.5777314751632938,0.5523809523809524,0.48739495798319327,0.8206521739130435,0.20690138922077225
RCA,Logistic Regression (Balanced),Uncalibrated,0.7185092360530956,0.5780340182722405,0.5737051792828686,0.631578947368421,0.656084656084656,0.2220592153845626
RCA,Logistic Regression (Balanced),Sigmoid,0.7159565580618212,0.5754423935139636,0.4090909090909091,0.3157894736842105,0.8624338624338624,0.20491477774420194
RCA,Logistic Regression (Balanced),Isotonic,0.7126148705096073,0.5766434497847491,0.4397905759162304,0.3684210526315789,0.8148148148148148,0.2042238129717949
