Column,Potential_Role,Reason,Recommendation
Age,Candidate Feature,Clinical/demographic baseline feature,Keep
Weight,Candidate Feature,Clinical/demographic baseline feature,Keep
Length,Candidate Feature,Clinical/demographic baseline feature,Keep
Sex,Candidate Feature,Clinical/demographic baseline feature,Keep
BMI,Candidate Feature,Clinical/demographic baseline feature,Keep
DM,Candidate Feature,Clinical/demographic baseline feature,Keep
HTN,Candidate Feature,Clinical/demographic baseline feature,Keep
Current Smoker,Candidate Feature,Clinical/demographic baseline feature,Keep
EX-Smoker,Candidate Feature,Clinical/demographic baseline feature,Keep
FH,Candidate Feature,Clinical/demographic baseline feature,Keep
Obesity,Candidate Feature,Clinical/demographic baseline feature,Keep
CRF,Candidate Feature,Clinical/demographic baseline feature,Keep
CVA,Candidate Feature,Clinical/demographic baseline feature,Keep
Airway disease,Candidate Feature,Clinical/demographic baseline feature,Keep
Thyroid Disease,Candidate Feature,Clinical/demographic baseline feature,Keep
CHF,Candidate Feature,Clinical/demographic baseline feature,Keep
DLP,Candidate Feature,Clinical/demographic baseline feature,Keep
BP,Candidate Feature,Clinical/demographic baseline feature,Keep
PR,Candidate Feature,Clinical/demographic baseline feature,Keep
Edema,Candidate Feature,Clinical/demographic baseline feature,Keep
Weak Peripheral Pulse,Candidate Feature,Clinical/demographic baseline feature,Keep
Lung rales,Candidate Feature,Clinical/demographic baseline feature,Keep
Systolic Murmur,Candidate Feature,Clinical/demographic baseline feature,Keep
Diastolic Murmur,Candidate Feature,Clinical/demographic baseline feature,Keep
Typical Chest Pain,Candidate Feature,Clinical/demographic baseline feature,Keep
Dyspnea,Candidate Feature,Clinical/demographic baseline feature,Keep
Function Class,Candidate Feature,Clinical/demographic baseline feature,Keep
Atypical,Candidate Feature,Clinical/demographic baseline feature,Keep
Nonanginal,Candidate Feature,Clinical/demographic baseline feature,Keep
Exertional CP,Candidate Feature,Clinical/demographic baseline feature,Keep
LowTH Ang,Candidate Feature,Clinical/demographic baseline feature,Keep
Q Wave,Candidate Feature,Clinical/demographic baseline feature,Keep
St Elevation,Candidate Feature,Clinical/demographic baseline feature,Keep
St Depression,Candidate Feature,Clinical/demographic baseline feature,Keep
Tinversion,Candidate Feature,Clinical/demographic baseline feature,Keep
LVH,Candidate Feature,Clinical/demographic baseline feature,Keep
Poor R Progression,Candidate Feature,Clinical/demographic baseline feature,Keep
BBB,Candidate Feature,Clinical/demographic baseline feature,Keep
FBS,Candidate Feature,Clinical/demographic baseline feature,Keep
CR,Candidate Feature,Clinical/demographic baseline feature,Keep
TG,Candidate Feature,Clinical/demographic baseline feature,Keep
LDL,Candidate Feature,Clinical/demographic baseline feature,Keep
HDL,Candidate Feature,Clinical/demographic baseline feature,Keep
BUN,Candidate Feature,Clinical/demographic baseline feature,Keep
ESR,Candidate Feature,Clinical/demographic baseline feature,Keep
HB,Candidate Feature,Clinical/demographic baseline feature,Keep
K,Candidate Feature,Clinical/demographic baseline feature,Keep
Na,Candidate Feature,Clinical/demographic baseline feature,Keep
WBC,Candidate Feature,Clinical/demographic baseline feature,Keep
Lymph,Candidate Feature,Clinical/demographic baseline feature,Keep
Neut,Candidate Feature,Clinical/demographic baseline feature,Keep
PLT,Candidate Feature,Clinical/demographic baseline feature,Keep
EF-TTE,Candidate Feature,Clinical/demographic baseline feature,Keep
Region RWMA,Candidate Feature,Clinical/demographic baseline feature,Keep
VHD,Candidate Feature,Clinical/demographic baseline feature,Keep
LAD,Target Column,Explicit target column (LAD),Exclude from feature set
LCX,Target Column,Explicit target column (LCX),Exclude from feature set
RCA,Target Column,Explicit target column (RCA),Exclude from feature set
Cath,Target Column,Explicit target column (Cath),Exclude from feature set
