feature,count,mean,median,std,min,q1,q3,max,iqr,outlier_count,outlier_percentage,lower_bound,upper_bound
Age,303,58.8977,58.0,10.3923,30.0,51.0,66.0,86.0,15.0,0,0.0,28.5,88.5
Weight,303,73.8317,74.0,11.9874,48.0,65.0,81.0,120.0,16.0,3,0.99,41.0,105.0
Length,303,164.7162,165.0,9.3277,140.0,158.0,171.0,188.0,13.0,0,0.0,138.5,190.5
BMI,303,27.2483,26.7755,4.0989,18.1154,24.5144,29.4118,40.9007,4.8974,6,1.98,17.1683,36.7578
BP,303,129.5545,130.0,18.9381,90.0,120.0,140.0,190.0,20.0,9,2.97,90.0,170.0
PR,303,75.1419,70.0,8.9118,50.0,70.0,80.0,110.0,10.0,13,4.29,55.0,95.0
FBS,303,119.1848,98.0,52.0797,62.0,88.5,130.0,400.0,41.5,30,9.9,26.25,192.25
CR,303,1.0556,1.0,0.2643,0.5,0.9,1.2,2.2,0.3,8,2.64,0.45,1.65
TG,303,150.3432,122.0,97.9595,37.0,90.0,177.0,1050.0,87.0,16,5.28,-40.5,307.5
LDL,303,104.6436,100.0,35.3967,18.0,80.0,122.0,232.0,42.0,6,1.98,17.0,185.0
HDL,303,40.234,39.0,10.5591,15.9,33.5,45.5,111.0,12.0,6,1.98,15.5,63.5
BUN,303,17.5017,16.0,6.9568,6.0,13.0,20.0,52.0,7.0,17,5.61,2.5,30.5
ESR,303,19.462,15.0,15.9365,1.0,9.0,26.0,90.0,17.0,13,4.29,-16.5,51.5
HB,303,13.1535,13.2,1.6105,8.9,12.2,14.2,17.6,2.0,7,2.31,9.2,17.2
K,303,4.2307,4.2,0.4582,3.0,3.9,4.5,6.6,0.6,2,0.66,3.0,5.4
Na,303,140.9967,141.0,3.8079,128.0,139.0,143.0,156.0,4.0,15,4.95,133.0,149.0
WBC,303,7562.0462,7100.0,2413.7393,3700.0,5800.0,8800.0,18000.0,3000.0,9,2.97,1300.0,13300.0
Lymph,303,32.3993,32.0,9.9726,7.0,26.0,39.0,60.0,13.0,3,0.99,6.5,58.5
Neut,303,60.1485,60.0,10.1825,32.0,52.5,67.0,89.0,14.5,1,0.33,30.75,88.75
PLT,303,221.4884,210.0,60.7962,25.0,183.5,250.0,742.0,66.5,11,3.63,83.75,349.75
EF-TTE,303,47.231,50.0,8.9272,15.0,45.0,55.0,60.0,10.0,15,4.95,30.0,70.0
