accuracy,precision,recall,specificity,f1,roc_auc,pr_auc,target,model,fold,repeat
0.9180327868852459,0.9534883720930233,0.9318181818181818,0.8823529411764706,0.9425287356321839,0.9745989304812833,0.9899882646399683,CAD,Logistic Regression (Default),1,1
0.8852459016393442,0.875,0.9767441860465116,0.6666666666666666,0.9230769230769231,0.9379844961240309,0.9692549897725478,CAD,Logistic Regression (Default),2,1
0.9016393442622951,0.9302325581395349,0.9302325581395349,0.8333333333333334,0.9302325581395349,0.9341085271317829,0.9651473906807884,CAD,Logistic Regression (Default),3,1
0.8166666666666667,0.9210526315789473,0.813953488372093,0.8235294117647058,0.8641975308641975,0.9124487004103967,0.9661958921654823,CAD,Logistic Regression (Default),4,1
0.7833333333333333,0.8260869565217391,0.8837209302325582,0.5294117647058824,0.8539325842696629,0.8741450068399453,0.955633299349915,CAD,Logistic Regression (Default),5,1
0.8852459016393442,0.9512195121951219,0.8863636363636364,0.8823529411764706,0.9176470588235294,0.9131016042780749,0.9516845313441424,CAD,Logistic Regression (Default),6,2
0.8688524590163934,0.9069767441860465,0.9069767441860465,0.7777777777777778,0.9069767441860465,0.9354005167958657,0.9730323020415742,CAD,Logistic Regression (Default),7,2
0.819672131147541,0.8809523809523809,0.8604651162790697,0.7222222222222222,0.8705882352941177,0.8540051679586561,0.9371086266188349,CAD,Logistic Regression (Default),8,2
0.8666666666666667,0.8723404255319149,0.9534883720930233,0.6470588235294118,0.9111111111111111,0.935704514363885,0.9741351659611572,CAD,Logistic Regression (Default),9,2
0.85,0.8863636363636364,0.9069767441860465,0.7058823529411765,0.896551724137931,0.9343365253077975,0.9755675867931193,CAD,Logistic Regression (Default),10,2
0.8524590163934426,0.8723404255319149,0.9318181818181818,0.6470588235294118,0.9010989010989011,0.8903743315508021,0.9471015395576928,CAD,Logistic Regression (Default),11,3
0.8360655737704918,0.9230769230769231,0.8372093023255814,0.8333333333333334,0.8780487804878049,0.9224806201550387,0.9665221912024634,CAD,Logistic Regression (Default),12,3
0.819672131147541,0.8478260869565217,0.9069767441860465,0.6111111111111112,0.8764044943820225,0.8888888888888888,0.9447303896270813,CAD,Logistic Regression (Default),13,3
0.8333333333333334,0.9459459459459459,0.813953488372093,0.8823529411764706,0.875,0.9083447332421339,0.961546058993276,CAD,Logistic Regression (Default),14,3
0.85,0.9047619047619048,0.8837209302325582,0.7647058823529411,0.8941176470588236,0.9466484268125855,0.980582835016121,CAD,Logistic Regression (Default),15,3
0.8852459016393442,0.9111111111111111,0.9318181818181818,0.7647058823529411,0.9213483146067416,0.9264705882352942,0.9681640594073324,CAD,Logistic Regression (Default),16,4
0.7704918032786885,0.7959183673469388,0.9069767441860465,0.4444444444444444,0.8478260869565217,0.9108527131782946,0.9661185221889717,CAD,Logistic Regression (Default),17,4
0.819672131147541,0.9,0.8372093023255814,0.7777777777777778,0.8674698795180723,0.8708010335917312,0.9425655581908214,CAD,Logistic Regression (Default),18,4
0.8666666666666667,0.8888888888888888,0.9302325581395349,0.7058823529411765,0.9090909090909091,0.9589603283173734,0.9858211908921711,CAD,Logistic Regression (Default),19,4
0.8333333333333334,0.9024390243902439,0.8604651162790697,0.7647058823529411,0.8809523809523809,0.920656634746922,0.9699011705947796,CAD,Logistic Regression (Default),20,4
0.9344262295081968,0.9347826086956522,0.9772727272727273,0.8235294117647058,0.9555555555555556,0.9786096256684492,0.9920307615265516,CAD,Logistic Regression (Default),21,5
0.7868852459016393,0.8947368421052632,0.7906976744186046,0.7777777777777778,0.8395061728395061,0.8617571059431526,0.9485522027527649,CAD,Logistic Regression (Default),22,5
0.8032786885245902,0.8780487804878049,0.8372093023255814,0.7222222222222222,0.8571428571428571,0.8578811369509044,0.9399823174261588,CAD,Logistic Regression (Default),23,5
0.9166666666666666,0.9130434782608695,0.9767441860465116,0.7647058823529411,0.9438202247191011,0.9521203830369356,0.9804358674028962,CAD,Logistic Regression (Default),24,5
0.85,0.8863636363636364,0.9069767441860465,0.7058823529411765,0.896551724137931,0.9124487004103967,0.9639353825318886,CAD,Logistic Regression (Default),25,5
0.9180327868852459,0.9148936170212766,0.9772727272727273,0.7647058823529411,0.945054945054945,0.9558823529411765,0.9818433228019782,CAD,Random Forest (Default),1,1
0.8688524590163934,0.8431372549019608,1.0,0.5555555555555556,0.9148936170212766,0.9463824289405685,0.9660865820174951,CAD,Random Forest (Default),2,1
0.8032786885245902,0.803921568627451,0.9534883720930233,0.4444444444444444,0.8723404255319149,0.8850129198966409,0.9506544040840971,CAD,Random Forest (Default),3,1
0.85,0.8863636363636364,0.9069767441860465,0.7058823529411765,0.896551724137931,0.9521203830369357,0.9837457115669921,CAD,Random Forest (Default),4,1
0.8,0.8444444444444444,0.8837209302325582,0.5882352941176471,0.8636363636363636,0.8686730506155951,0.9481024661459028,CAD,Random Forest (Default),5,1
0.819672131147541,0.8666666666666667,0.8863636363636364,0.6470588235294118,0.8764044943820225,0.8649732620320856,0.9269975511828084,CAD,Random Forest (Default),6,2
0.9016393442622951,0.8936170212765957,0.9767441860465116,0.7222222222222222,0.9333333333333333,0.9767441860465116,0.9916225560472283,CAD,Random Forest (Default),7,2
0.8032786885245902,0.8163265306122449,0.9302325581395349,0.5,0.8695652173913043,0.8934108527131783,0.9497562296900888,CAD,Random Forest (Default),8,2
0.8666666666666667,0.8571428571428571,0.9767441860465116,0.5882352941176471,0.9130434782608695,0.920656634746922,0.9685869018289411,CAD,Random Forest (Default),9,2
0.8833333333333333,0.8913043478260869,0.9534883720930233,0.7058823529411765,0.9213483146067416,0.926812585499316,0.9689300155658995,CAD,Random Forest (Default),10,2
0.8524590163934426,0.8571428571428571,0.9545454545454546,0.5882352941176471,0.9032258064516129,0.893716577540107,0.9434936802417351,CAD,Random Forest (Default),11,3
0.8688524590163934,0.9069767441860465,0.9069767441860465,0.7777777777777778,0.9069767441860465,0.9483204134366924,0.9820838178095572,CAD,Random Forest (Default),12,3
0.8360655737704918,0.8367346938775511,0.9534883720930233,0.5555555555555556,0.8913043478260869,0.8817829457364341,0.9331298837384349,CAD,Random Forest (Default),13,3
0.85,0.8863636363636364,0.9069767441860465,0.7058823529411765,0.896551724137931,0.9247606019151848,0.9734377686331319,CAD,Random Forest (Default),14,3
0.9,0.8936170212765957,0.9767441860465116,0.7058823529411765,0.9333333333333333,0.9316005471956225,0.9721825362971281,CAD,Random Forest (Default),15,3
0.9016393442622951,0.9130434782608695,0.9545454545454546,0.7647058823529411,0.9333333333333333,0.9371657754010695,0.9671267974751658,CAD,Random Forest (Default),16,4
0.7540983606557377,0.7692307692307693,0.9302325581395349,0.3333333333333333,0.8421052631578947,0.898578811369509,0.9594902435176325,CAD,Random Forest (Default),17,4
0.8360655737704918,0.8235294117647058,0.9767441860465116,0.5,0.8936170212765957,0.939922480620155,0.9733819716043353,CAD,Random Forest (Default),18,4
0.8666666666666667,0.8723404255319149,0.9534883720930233,0.6470588235294118,0.9111111111111111,0.9562243502051985,0.9835310856025702,CAD,Random Forest (Default),19,4
0.8666666666666667,0.9069767441860465,0.9069767441860465,0.7647058823529411,0.9069767441860465,0.859781121751026,0.9386283796419623,CAD,Random Forest (Default),20,4
0.9180327868852459,0.8979591836734694,1.0,0.7058823529411765,0.946236559139785,0.9826203208556149,0.9930243167187961,CAD,Random Forest (Default),21,5
0.819672131147541,0.8809523809523809,0.8604651162790697,0.7222222222222222,0.8705882352941177,0.9050387596899226,0.9614418592314684,CAD,Random Forest (Default),22,5
0.7704918032786885,0.8222222222222222,0.8604651162790697,0.5555555555555556,0.8409090909090909,0.8255813953488372,0.9141349979820288,CAD,Random Forest (Default),23,5
0.9166666666666666,0.8958333333333334,1.0,0.7058823529411765,0.945054945054945,0.9473324213406292,0.9755647765905472,CAD,Random Forest (Default),24,5
0.8833333333333333,0.875,0.9767441860465116,0.6470588235294118,0.9230769230769231,0.9015047879616964,0.9506082810781018,CAD,Random Forest (Default),25,5
0.9180327868852459,0.9534883720930233,0.9318181818181818,0.8823529411764706,0.9425287356321839,0.9759358288770053,0.9906013735822534,CAD,Logistic Regression (Balanced),1,1
0.8688524590163934,0.8888888888888888,0.9302325581395349,0.7222222222222222,0.9090909090909091,0.9405684754521964,0.970945314335122,CAD,Logistic Regression (Balanced),2,1
0.8688524590163934,0.972972972972973,0.8372093023255814,0.9444444444444444,0.9,0.9354005167958657,0.9676266978771824,CAD,Logistic Regression (Balanced),3,1
0.8166666666666667,0.9444444444444444,0.7906976744186046,0.8823529411764706,0.8607594936708861,0.9151846785225718,0.9675310710431044,CAD,Logistic Regression (Balanced),4,1
0.7833333333333333,0.8571428571428571,0.8372093023255814,0.6470588235294118,0.8470588235294118,0.8604651162790699,0.9490385494397973,CAD,Logistic Regression (Balanced),5,1
0.8688524590163934,0.95,0.8636363636363636,0.8823529411764706,0.9047619047619048,0.9184491978609626,0.9553750750874854,CAD,Logistic Regression (Balanced),6,2
0.8688524590163934,0.9487179487179487,0.8604651162790697,0.8888888888888888,0.9024390243902439,0.937984496124031,0.9743789742997319,CAD,Logistic Regression (Balanced),7,2
0.819672131147541,0.9,0.8372093023255814,0.7777777777777778,0.8674698795180723,0.8527131782945735,0.9358867149028934,CAD,Logistic Regression (Balanced),8,2
0.8833333333333333,0.9285714285714286,0.9069767441860465,0.8235294117647058,0.9176470588235294,0.9343365253077974,0.9737382444867327,CAD,Logistic Regression (Balanced),9,2
0.8166666666666667,0.9,0.8372093023255814,0.7647058823529411,0.8674698795180723,0.9302325581395349,0.9741117316643055,CAD,Logistic Regression (Balanced),10,2
0.8524590163934426,0.9069767441860465,0.8863636363636364,0.7647058823529411,0.896551724137931,0.8957219251336899,0.9499808649981563,CAD,Logistic Regression (Balanced),11,3
0.7868852459016393,0.9411764705882353,0.7441860465116279,0.8888888888888888,0.8311688311688312,0.921188630490956,0.965894682440271,CAD,Logistic Regression (Balanced),12,3
0.8032786885245902,0.8604651162790697,0.8604651162790697,0.6666666666666666,0.8604651162790697,0.8837209302325582,0.942725713041205,CAD,Logistic Regression (Balanced),13,3
0.8166666666666667,0.9705882352941176,0.7674418604651163,0.9411764705882353,0.8571428571428571,0.908344733242134,0.9614213002124508,CAD,Logistic Regression (Balanced),14,3
0.8666666666666667,0.9487179487179487,0.8604651162790697,0.8823529411764706,0.9024390243902439,0.935704514363885,0.9774748871919565,CAD,Logistic Regression (Balanced),15,3
0.8360655737704918,0.9047619047619048,0.8636363636363636,0.7647058823529411,0.8837209302325582,0.9184491978609626,0.9652481590406371,CAD,Logistic Regression (Balanced),16,4
0.819672131147541,0.8478260869565217,0.9069767441860465,0.6111111111111112,0.8764044943820225,0.900516795865633,0.9616911606696779,CAD,Logistic Regression (Balanced),17,4
0.819672131147541,0.9210526315789473,0.813953488372093,0.8333333333333334,0.8641975308641975,0.8785529715762274,0.9457857699164002,CAD,Logistic Regression (Balanced),18,4
0.8833333333333333,0.9285714285714286,0.9069767441860465,0.8235294117647058,0.9176470588235294,0.9507523939808481,0.9827731343565738,CAD,Logistic Regression (Balanced),19,4
0.8166666666666667,0.9444444444444444,0.7906976744186046,0.8823529411764706,0.8607594936708861,0.9192886456908345,0.9696977202310968,CAD,Logistic Regression (Balanced),20,4
0.9344262295081968,0.9761904761904762,0.9318181818181818,0.9411764705882353,0.9534883720930233,0.981283422459893,0.9929365201398181,CAD,Logistic Regression (Balanced),21,5
0.7868852459016393,0.9166666666666666,0.7674418604651163,0.8333333333333334,0.8354430379746836,0.8527131782945737,0.945263978316523,CAD,Logistic Regression (Balanced),22,5
0.7540983606557377,0.868421052631579,0.7674418604651163,0.7222222222222222,0.8148148148148148,0.8488372093023255,0.9362725226282395,CAD,Logistic Regression (Balanced),23,5
0.85,0.9047619047619048,0.8837209302325582,0.7647058823529411,0.8941176470588236,0.9534883720930232,0.981072090884537,CAD,Logistic Regression (Balanced),24,5
0.85,0.9473684210526315,0.8372093023255814,0.8823529411764706,0.8888888888888888,0.9179206566347469,0.9663162137040442,CAD,Logistic Regression (Balanced),25,5
0.7540983606557377,0.7837837837837838,0.8055555555555556,0.68,0.7945205479452054,0.776111111111111,0.8379350432332943,LAD,Random Forest (Default),1,1
0.6885245901639344,0.6808510638297872,0.8888888888888888,0.4,0.7710843373493976,0.8127777777777777,0.8491619516949458,LAD,Random Forest (Default),2,1
0.819672131147541,0.7857142857142857,0.9428571428571428,0.6538461538461539,0.8571428571428571,0.9258241758241758,0.9498174505750813,LAD,Random Forest (Default),3,1
0.8833333333333333,0.8888888888888888,0.9142857142857143,0.84,0.9014084507042254,0.9188571428571429,0.9398078022214099,LAD,Random Forest (Default),4,1
0.8333333333333334,0.8205128205128205,0.9142857142857143,0.72,0.8648648648648649,0.8457142857142858,0.8656126585166135,LAD,Random Forest (Default),5,1
0.7540983606557377,0.8,0.7777777777777778,0.72,0.7887323943661971,0.8405555555555555,0.8985677339339805,LAD,Random Forest (Default),6,2
0.7868852459016393,0.7346938775510204,1.0,0.48,0.8470588235294118,0.8238888888888889,0.8408767099884236,LAD,Random Forest (Default),7,2
0.8032786885245902,0.7804878048780488,0.9142857142857143,0.6538461538461539,0.8421052631578947,0.8587912087912088,0.8706544561818238,LAD,Random Forest (Default),8,2
0.75,0.75,0.8571428571428571,0.6,0.8,0.8308571428571428,0.8676565288217282,LAD,Random Forest (Default),9,2
0.8333333333333334,0.8048780487804879,0.9428571428571428,0.68,0.868421052631579,0.8908571428571428,0.8988535023298703,LAD,Random Forest (Default),10,2
0.8688524590163934,0.8888888888888888,0.8888888888888888,0.84,0.8888888888888888,0.9477777777777777,0.9634780407106629,LAD,Random Forest (Default),11,3
0.7213114754098361,0.7021276595744681,0.9166666666666666,0.44,0.7951807228915663,0.7866666666666666,0.8533118545391258,LAD,Random Forest (Default),12,3
0.7377049180327869,0.7111111111111111,0.9142857142857143,0.5,0.8,0.8302197802197803,0.8473292305530195,LAD,Random Forest (Default),13,3
0.7833333333333333,0.7619047619047619,0.9142857142857143,0.6,0.8311688311688312,0.8508571428571429,0.8289494104433075,LAD,Random Forest (Default),14,3
0.75,0.75,0.8571428571428571,0.6,0.8,0.8097142857142857,0.834425048364381,LAD,Random Forest (Default),15,3
0.7704918032786885,0.8055555555555556,0.8055555555555556,0.72,0.8055555555555556,0.7927777777777778,0.8105961770404833,LAD,Random Forest (Default),16,4
0.7213114754098361,0.7317073170731707,0.8333333333333334,0.56,0.7792207792207793,0.8388888888888888,0.9021565684907803,LAD,Random Forest (Default),17,4
0.8032786885245902,0.7555555555555555,0.9714285714285714,0.5769230769230769,0.85,0.8703296703296702,0.8880570150440926,LAD,Random Forest (Default),18,4
0.8333333333333334,0.8205128205128205,0.9142857142857143,0.72,0.8648648648648649,0.9308571428571428,0.9551330735322143,LAD,Random Forest (Default),19,4
0.7333333333333333,0.7209302325581395,0.8857142857142857,0.52,0.7948717948717948,0.7691428571428571,0.8196996131834503,LAD,Random Forest (Default),20,4
0.7540983606557377,0.7441860465116279,0.8888888888888888,0.56,0.810126582278481,0.8288888888888888,0.880450148405868,LAD,Random Forest (Default),21,5
0.8032786885245902,0.8529411764705882,0.8055555555555556,0.8,0.8285714285714286,0.9199999999999999,0.945011244107219,LAD,Random Forest (Default),22,5
0.7377049180327869,0.7317073170731707,0.8571428571428571,0.5769230769230769,0.7894736842105263,0.7835164835164835,0.7898061978861074,LAD,Random Forest (Default),23,5
0.75,0.7631578947368421,0.8285714285714286,0.64,0.7945205479452054,0.8394285714285714,0.8945417863265476,LAD,Random Forest (Default),24,5
0.7666666666666667,0.7441860465116279,0.9142857142857143,0.56,0.8205128205128205,0.8348571428571429,0.8585980779579941,LAD,Random Forest (Default),25,5
0.7213114754098361,0.7435897435897436,0.8055555555555556,0.6,0.7733333333333333,0.7705555555555555,0.7993937425577283,LAD,Random Forest (Balanced),1,1
0.6885245901639344,0.6808510638297872,0.8888888888888888,0.4,0.7710843373493976,0.8077777777777778,0.8700886863443682,LAD,Random Forest (Balanced),2,1
0.819672131147541,0.7857142857142857,0.9428571428571428,0.6538461538461539,0.8571428571428571,0.9082417582417582,0.9359090736479456,LAD,Random Forest (Balanced),3,1
0.85,0.8421052631578947,0.9142857142857143,0.76,0.8767123287671232,0.9171428571428571,0.9377406763808762,LAD,Random Forest (Balanced),4,1
0.8333333333333334,0.8048780487804879,0.9428571428571428,0.68,0.868421052631579,0.8377142857142856,0.8487981361080121,LAD,Random Forest (Balanced),5,1
0.7540983606557377,0.8387096774193549,0.7222222222222222,0.8,0.7761194029850746,0.8355555555555555,0.9002621112512053,LAD,Random Forest (Balanced),6,2
0.7540983606557377,0.7058823529411765,1.0,0.4,0.8275862068965517,0.8411111111111111,0.8604710347868035,LAD,Random Forest (Balanced),7,2
0.8032786885245902,0.7804878048780488,0.9142857142857143,0.6538461538461539,0.8421052631578947,0.8829670329670329,0.9069225051456002,LAD,Random Forest (Balanced),8,2
0.7833333333333333,0.7619047619047619,0.9142857142857143,0.6,0.8311688311688312,0.8154285714285715,0.8536103343551982,LAD,Random Forest (Balanced),9,2
0.8333333333333334,0.8205128205128205,0.9142857142857143,0.72,0.8648648648648649,0.88,0.8998017393539866,LAD,Random Forest (Balanced),10,2
0.9180327868852459,0.8974358974358975,0.9722222222222222,0.84,0.9333333333333333,0.9277777777777778,0.950178946483767,LAD,Random Forest (Balanced),11,3
0.7213114754098361,0.7021276595744681,0.9166666666666666,0.44,0.7951807228915663,0.7983333333333333,0.8638067266204442,LAD,Random Forest (Balanced),12,3
0.7704918032786885,0.7441860465116279,0.9142857142857143,0.5769230769230769,0.8205128205128205,0.8186813186813187,0.8069925349002954,LAD,Random Forest (Balanced),13,3
0.8,0.7948717948717948,0.8857142857142857,0.68,0.8378378378378378,0.8594285714285715,0.8866397067824224,LAD,Random Forest (Balanced),14,3
0.75,0.75,0.8571428571428571,0.6,0.8,0.8320000000000001,0.8449237623817984,LAD,Random Forest (Balanced),15,3
0.7540983606557377,0.7837837837837838,0.8055555555555556,0.68,0.7945205479452054,0.7933333333333334,0.824934790236725,LAD,Random Forest (Balanced),16,4
0.7540983606557377,0.7560975609756098,0.8611111111111112,0.6,0.8051948051948052,0.8772222222222221,0.9204667709221627,LAD,Random Forest (Balanced),17,4
0.7868852459016393,0.75,0.9428571428571428,0.5769230769230769,0.8354430379746836,0.8631868131868132,0.8747300278851199,LAD,Random Forest (Balanced),18,4
0.8333333333333334,0.8205128205128205,0.9142857142857143,0.72,0.8648648648648649,0.9057142857142858,0.9278043591497243,LAD,Random Forest (Balanced),19,4
0.7,0.6976744186046512,0.8571428571428571,0.48,0.7692307692307693,0.7417142857142857,0.8060340471845606,LAD,Random Forest (Balanced),20,4
0.7868852459016393,0.7674418604651163,0.9166666666666666,0.6,0.8354430379746836,0.7872222222222222,0.8310686542295842,LAD,Random Forest (Balanced),21,5
0.8688524590163934,0.868421052631579,0.9166666666666666,0.8,0.8918918918918919,0.9261111111111112,0.951849887725282,LAD,Random Forest (Balanced),22,5
0.7704918032786885,0.7441860465116279,0.9142857142857143,0.5769230769230769,0.8205128205128205,0.8,0.8286665847425818,LAD,Random Forest (Balanced),23,5
0.75,0.7631578947368421,0.8285714285714286,0.64,0.7945205479452054,0.8531428571428572,0.8975766382171357,LAD,Random Forest (Balanced),24,5
0.7833333333333333,0.7619047619047619,0.9142857142857143,0.6,0.8311688311688312,0.8525714285714285,0.8821567275514174,LAD,Random Forest (Balanced),25,5
0.7049180327868853,0.75,0.75,0.64,0.75,0.7966666666666666,0.8638312631013366,LAD,Gradient Boosting (Default),1,1
0.7377049180327869,0.7631578947368421,0.8055555555555556,0.64,0.7837837837837838,0.8077777777777777,0.8792936467420797,LAD,Gradient Boosting (Default),2,1
0.8032786885245902,0.8108108108108109,0.8571428571428571,0.7307692307692307,0.8333333333333334,0.9241758241758241,0.9471132172604216,LAD,Gradient Boosting (Default),3,1
0.8166666666666667,0.8529411764705882,0.8285714285714286,0.8,0.8405797101449275,0.9074285714285715,0.9277225529022387,LAD,Gradient Boosting (Default),4,1
0.7666666666666667,0.7837837837837838,0.8285714285714286,0.68,0.8055555555555556,0.7977142857142857,0.8356782223220838,LAD,Gradient Boosting (Default),5,1
0.7049180327868853,0.8214285714285714,0.6388888888888888,0.8,0.71875,0.8166666666666668,0.8840524940393445,LAD,Gradient Boosting (Default),6,2
0.7540983606557377,0.7333333333333333,0.9166666666666666,0.52,0.8148148148148148,0.8433333333333333,0.8530180949301412,LAD,Gradient Boosting (Default),7,2
0.7540983606557377,0.7777777777777778,0.8,0.6923076923076923,0.7887323943661971,0.8483516483516483,0.9004025652750847,LAD,Gradient Boosting (Default),8,2
0.7333333333333333,0.7714285714285715,0.7714285714285715,0.68,0.7714285714285715,0.7908571428571428,0.8482930063110483,LAD,Gradient Boosting (Default),9,2
0.7666666666666667,0.8181818181818182,0.7714285714285715,0.76,0.7941176470588235,0.7908571428571428,0.7943350222978632,LAD,Gradient Boosting (Default),10,2
0.819672131147541,0.8378378378378378,0.8611111111111112,0.76,0.8493150684931506,0.89,0.9265504329804654,LAD,Gradient Boosting (Default),11,3
0.6721311475409836,0.7222222222222222,0.7222222222222222,0.6,0.7222222222222222,0.7922222222222222,0.8613190343209428,LAD,Gradient Boosting (Default),12,3
0.7540983606557377,0.7380952380952381,0.8857142857142857,0.5769230769230769,0.8051948051948052,0.7186813186813187,0.7089040455667943,LAD,Gradient Boosting (Default),13,3
0.75,0.7631578947368421,0.8285714285714286,0.64,0.7945205479452054,0.8079999999999999,0.8636321990694773,LAD,Gradient Boosting (Default),14,3
0.7,0.7428571428571429,0.7428571428571429,0.64,0.7428571428571429,0.7897142857142857,0.8365101233411376,LAD,Gradient Boosting (Default),15,3
0.7049180327868853,0.7647058823529411,0.7222222222222222,0.68,0.7428571428571429,0.7511111111111111,0.7956028118084199,LAD,Gradient Boosting (Default),16,4
0.7868852459016393,0.8285714285714286,0.8055555555555556,0.76,0.8169014084507042,0.8911111111111112,0.9328229691860704,LAD,Gradient Boosting (Default),17,4
0.7540983606557377,0.7777777777777778,0.8,0.6923076923076923,0.7887323943661971,0.8021978021978022,0.85600587922423,LAD,Gradient Boosting (Default),18,4
0.7666666666666667,0.8,0.8,0.72,0.8,0.8514285714285714,0.875522546040677,LAD,Gradient Boosting (Default),19,4
0.6666666666666666,0.6829268292682927,0.8,0.48,0.7368421052631579,0.7268571428571429,0.7967721198711677,LAD,Gradient Boosting (Default),20,4
0.7049180327868853,0.75,0.75,0.64,0.75,0.8055555555555556,0.8664158420405473,LAD,Gradient Boosting (Default),21,5
0.7213114754098361,0.8064516129032258,0.6944444444444444,0.76,0.746268656716418,0.8400000000000001,0.8974112787108736,LAD,Gradient Boosting (Default),22,5
0.7049180327868853,0.7297297297297297,0.7714285714285715,0.6153846153846154,0.75,0.7879120879120879,0.8277414028163316,LAD,Gradient Boosting (Default),23,5
0.75,0.7941176470588235,0.7714285714285715,0.72,0.782608695652174,0.824,0.8735245009903936,LAD,Gradient Boosting (Default),24,5
0.8166666666666667,0.8157894736842105,0.8857142857142857,0.72,0.8493150684931506,0.8628571428571429,0.8782794559594495,LAD,Gradient Boosting (Default),25,5
0.6065573770491803,0.5,0.4166666666666667,0.7297297297297297,0.45454545454545453,0.6323198198198198,0.5663557094043217,LCX,Random Forest (Default),1,1
0.6557377049180327,0.5882352941176471,0.4166666666666667,0.8108108108108109,0.4878048780487805,0.7668918918918919,0.6220875668343495,LCX,Random Forest (Default),2,1
0.6885245901639344,0.6666666666666666,0.4166666666666667,0.8648648648648649,0.5128205128205128,0.7860360360360361,0.6538434564472029,LCX,Random Forest (Default),3,1
0.6666666666666666,0.5714285714285714,0.5217391304347826,0.7567567567567568,0.5454545454545454,0.6862514688601644,0.507751971141964,LCX,Random Forest (Default),4,1
0.65,0.6153846153846154,0.3333333333333333,0.8611111111111112,0.43243243243243246,0.7152777777777778,0.6084966114048743,LCX,Random Forest (Default),5,1
0.6721311475409836,0.6666666666666666,0.3333333333333333,0.8918918918918919,0.4444444444444444,0.7111486486486487,0.5325452631546336,LCX,Random Forest (Default),6,2
0.7213114754098361,0.6842105263157895,0.5416666666666666,0.8378378378378378,0.6046511627906976,0.760135135135135,0.6033600568068885,LCX,Random Forest (Default),7,2
0.6229508196721312,0.5384615384615384,0.2916666666666667,0.8378378378378378,0.3783783783783784,0.617117117117117,0.47290578620405627,LCX,Random Forest (Default),8,2
0.65,0.5714285714285714,0.34782608695652173,0.8378378378378378,0.43243243243243246,0.7796709753231492,0.6366045606484674,LCX,Random Forest (Default),9,2
0.6333333333333333,0.5625,0.375,0.8055555555555556,0.45,0.6718750000000001,0.5214363623399572,LCX,Random Forest (Default),10,2
0.6557377049180327,0.5882352941176471,0.4166666666666667,0.8108108108108109,0.4878048780487805,0.643581081081081,0.4703823273600741,LCX,Random Forest (Default),11,3
0.7049180327868853,0.65,0.5416666666666666,0.8108108108108109,0.5909090909090909,0.7494369369369369,0.6396734170540767,LCX,Random Forest (Default),12,3
0.6885245901639344,0.6470588235294118,0.4583333333333333,0.8378378378378378,0.5365853658536586,0.7027027027027027,0.5617459769966155,LCX,Random Forest (Default),13,3
0.6833333333333333,0.6428571428571429,0.391304347826087,0.8648648648648649,0.4864864864864865,0.7203290246768508,0.5613461383630179,LCX,Random Forest (Default),14,3
0.6833333333333333,0.6470588235294118,0.4583333333333333,0.8333333333333334,0.5365853658536586,0.7256944444444444,0.6479832984994387,LCX,Random Forest (Default),15,3
0.6721311475409836,0.6666666666666666,0.3333333333333333,0.8918918918918919,0.4444444444444444,0.7635135135135136,0.6831421465360706,LCX,Random Forest (Default),16,4
0.6065573770491803,0.5,0.5,0.6756756756756757,0.5,0.6537162162162162,0.5357692315702273,LCX,Random Forest (Default),17,4
0.7704918032786885,0.8125,0.5416666666666666,0.918918918918919,0.65,0.8018018018018018,0.7485399568115796,LCX,Random Forest (Default),18,4
0.6333333333333333,0.5384615384615384,0.30434782608695654,0.8378378378378378,0.3888888888888889,0.6380728554641598,0.480893081885003,LCX,Random Forest (Default),19,4
0.6666666666666666,0.625,0.4166666666666667,0.8333333333333334,0.5,0.6539351851851852,0.4886595218860211,LCX,Random Forest (Default),20,4
0.6557377049180327,0.5882352941176471,0.4166666666666667,0.8108108108108109,0.4878048780487805,0.759009009009009,0.6691819245504542,LCX,Random Forest (Default),21,5
0.6885245901639344,0.6923076923076923,0.375,0.8918918918918919,0.4864864864864865,0.6829954954954954,0.5431937144249901,LCX,Random Forest (Default),22,5
0.639344262295082,0.5625,0.375,0.8108108108108109,0.45,0.7488738738738739,0.5712093832927256,LCX,Random Forest (Default),23,5
0.6,0.4444444444444444,0.17391304347826086,0.8648648648648649,0.25,0.5699177438307873,0.4738179033529989,LCX,Random Forest (Default),24,5
0.6166666666666667,0.5263157894736842,0.4166666666666667,0.75,0.46511627906976744,0.6950231481481481,0.509698529143265,LCX,Random Forest (Default),25,5
0.5737704918032787,0.45,0.375,0.7027027027027027,0.4090909090909091,0.5788288288288288,0.5183519764264948,LCX,Gradient Boosting (Default),1,1
0.6557377049180327,0.5652173913043478,0.5416666666666666,0.7297297297297297,0.5531914893617021,0.7432432432432432,0.6152414982679953,LCX,Gradient Boosting (Default),2,1
0.7377049180327869,0.7222222222222222,0.5416666666666666,0.8648648648648649,0.6190476190476191,0.7882882882882882,0.631264642519696,LCX,Gradient Boosting (Default),3,1
0.7,0.5925925925925926,0.6956521739130435,0.7027027027027027,0.64,0.6839012925969448,0.5137232383214495,LCX,Gradient Boosting (Default),4,1
0.7,0.65,0.5416666666666666,0.8055555555555556,0.5909090909090909,0.7418981481481481,0.6681672918365059,LCX,Gradient Boosting (Default),5,1
0.6065573770491803,0.5,0.3333333333333333,0.7837837837837838,0.4,0.6936936936936937,0.5211958108261282,LCX,Gradient Boosting (Default),6,2
0.6885245901639344,0.631578947368421,0.5,0.8108108108108109,0.5581395348837209,0.7195945945945946,0.6304701451924647,LCX,Gradient Boosting (Default),7,2
0.6229508196721312,0.5294117647058824,0.375,0.7837837837837838,0.43902439024390244,0.5934684684684685,0.49062064389495585,LCX,Gradient Boosting (Default),8,2
0.7333333333333333,0.7058823529411765,0.5217391304347826,0.8648648648648649,0.6,0.8307873090481785,0.678905005225593,LCX,Gradient Boosting (Default),9,2
0.5833333333333334,0.4782608695652174,0.4583333333333333,0.6666666666666666,0.46808510638297873,0.6620370370370371,0.5078092957996077,LCX,Gradient Boosting (Default),10,2
0.639344262295082,0.5454545454545454,0.5,0.7297297297297297,0.5217391304347826,0.6655405405405406,0.5068232085639425,LCX,Gradient Boosting (Default),11,3
0.6065573770491803,0.5,0.4583333333333333,0.7027027027027027,0.4782608695652174,0.7117117117117117,0.634500784973909,LCX,Gradient Boosting (Default),12,3
0.6885245901639344,0.6190476190476191,0.5416666666666666,0.7837837837837838,0.5777777777777777,0.7421171171171171,0.5850885671899092,LCX,Gradient Boosting (Default),13,3
0.7333333333333333,0.6666666666666666,0.6086956521739131,0.8108108108108109,0.6363636363636364,0.7837837837837839,0.6988357415875612,LCX,Gradient Boosting (Default),14,3
0.7666666666666667,0.8125,0.5416666666666666,0.9166666666666666,0.65,0.8287037037037037,0.7769320083383279,LCX,Gradient Boosting (Default),15,3
0.6721311475409836,0.6428571428571429,0.375,0.8648648648648649,0.47368421052631576,0.7477477477477478,0.6691657467025726,LCX,Gradient Boosting (Default),16,4
0.6557377049180327,0.5714285714285714,0.5,0.7567567567567568,0.5333333333333333,0.7195945945945946,0.566266855075625,LCX,Gradient Boosting (Default),17,4
0.7213114754098361,0.6666666666666666,0.5833333333333334,0.8108108108108109,0.6222222222222222,0.7342342342342343,0.6117303285524865,LCX,Gradient Boosting (Default),18,4
0.6,0.47619047619047616,0.43478260869565216,0.7027027027027027,0.45454545454545453,0.6227967097532314,0.48435130775875335,LCX,Gradient Boosting (Default),19,4
0.6,0.5,0.375,0.75,0.42857142857142855,0.6284722222222221,0.49410031228383805,LCX,Gradient Boosting (Default),20,4
0.7049180327868853,0.6363636363636364,0.5833333333333334,0.7837837837837838,0.6086956521739131,0.7837837837837838,0.7341175331414302,LCX,Gradient Boosting (Default),21,5
0.6557377049180327,0.5882352941176471,0.4166666666666667,0.8108108108108109,0.4878048780487805,0.6542792792792792,0.49802293102033957,LCX,Gradient Boosting (Default),22,5
0.7049180327868853,0.65,0.5416666666666666,0.8108108108108109,0.5909090909090909,0.7308558558558559,0.564681571830115,LCX,Gradient Boosting (Default),23,5
0.5666666666666667,0.36363636363636365,0.17391304347826086,0.8108108108108109,0.23529411764705882,0.5781433607520563,0.4155958653980082,LCX,Gradient Boosting (Default),24,5
0.6333333333333333,0.55,0.4583333333333333,0.75,0.5,0.7083333333333334,0.5483096382372753,LCX,Gradient Boosting (Default),25,5
0.5901639344262295,0.47058823529411764,0.3333333333333333,0.7567567567567568,0.3902439024390244,0.6047297297297297,0.4979215087950223,LCX,SVM (Balanced),1,1
0.639344262295082,0.5625,0.375,0.8108108108108109,0.45,0.7443693693693694,0.5753170003046842,LCX,SVM (Balanced),2,1
0.7868852459016393,0.8666666666666667,0.5416666666666666,0.9459459459459459,0.6666666666666666,0.8333333333333334,0.7363843151512574,LCX,SVM (Balanced),3,1
0.65,0.5555555555555556,0.43478260869565216,0.7837837837837838,0.4878048780487805,0.6933019976498237,0.5019548110498975,LCX,SVM (Balanced),4,1
0.5666666666666667,0.45454545454545453,0.4166666666666667,0.6666666666666666,0.43478260869565216,0.640625,0.5550757608040063,LCX,SVM (Balanced),5,1
0.6229508196721312,0.5333333333333333,0.3333333333333333,0.8108108108108109,0.41025641025641024,0.669481981981982,0.5134473549798332,LCX,SVM (Balanced),6,2
0.6885245901639344,0.6190476190476191,0.5416666666666666,0.7837837837837838,0.5777777777777777,0.7933558558558559,0.6948233985185172,LCX,SVM (Balanced),7,2
0.6885245901639344,0.6666666666666666,0.4166666666666667,0.8648648648648649,0.5128205128205128,0.6407657657657658,0.5831239155751204,LCX,SVM (Balanced),8,2
0.6666666666666666,0.6,0.391304347826087,0.8378378378378378,0.47368421052631576,0.7755581668625147,0.5485974404348877,LCX,SVM (Balanced),9,2
0.6333333333333333,0.5416666666666666,0.5416666666666666,0.6944444444444444,0.5416666666666666,0.6493055555555556,0.4728996806178527,LCX,SVM (Balanced),10,2
0.639344262295082,0.5454545454545454,0.5,0.7297297297297297,0.5217391304347826,0.6379504504504505,0.5337905735974677,LCX,SVM (Balanced),11,3
0.7049180327868853,0.6875,0.4583333333333333,0.8648648648648649,0.55,0.7680180180180181,0.5696694031369516,LCX,SVM (Balanced),12,3
0.6885245901639344,0.6666666666666666,0.4166666666666667,0.8648648648648649,0.5128205128205128,0.7387387387387387,0.6428107545140174,LCX,SVM (Balanced),13,3
0.75,0.7,0.6086956521739131,0.8378378378378378,0.6511627906976745,0.7802585193889542,0.6126319761337194,LCX,SVM (Balanced),14,3
0.6833333333333333,0.6666666666666666,0.4166666666666667,0.8611111111111112,0.5128205128205128,0.7349537037037037,0.6218861230077468,LCX,SVM (Balanced),15,3
0.7049180327868853,0.65,0.5416666666666666,0.8108108108108109,0.5909090909090909,0.7409909909909909,0.6472814789383065,LCX,SVM (Balanced),16,4
0.6229508196721312,0.5238095238095238,0.4583333333333333,0.7297297297297297,0.4888888888888889,0.6801801801801801,0.5498579398586906,LCX,SVM (Balanced),17,4
0.7540983606557377,0.9090909090909091,0.4166666666666667,0.972972972972973,0.5714285714285714,0.8490990990990992,0.8029528312894881,LCX,SVM (Balanced),18,4
0.6166666666666667,0.5,0.34782608695652173,0.7837837837837838,0.41025641025641024,0.6321974148061105,0.44963189333655634,LCX,SVM (Balanced),19,4
0.6166666666666667,0.5263157894736842,0.4166666666666667,0.75,0.46511627906976744,0.6741898148148148,0.5133965764061871,LCX,SVM (Balanced),20,4
0.7213114754098361,0.7058823529411765,0.5,0.8648648648648649,0.5853658536585366,0.7849099099099099,0.6752760845488194,LCX,SVM (Balanced),21,5
0.6721311475409836,0.6,0.5,0.7837837837837838,0.5454545454545454,0.6745495495495496,0.6145568090862616,LCX,SVM (Balanced),22,5
0.7377049180327869,0.6818181818181818,0.625,0.8108108108108109,0.6521739130434783,0.7601351351351351,0.536966983341337,LCX,SVM (Balanced),23,5
0.6333333333333333,0.5454545454545454,0.2608695652173913,0.8648648648648649,0.35294117647058826,0.5981198589894241,0.44423678254667914,LCX,SVM (Balanced),24,5
0.6166666666666667,0.5294117647058824,0.375,0.7777777777777778,0.43902439024390244,0.7413194444444444,0.5558715236294894,LCX,SVM (Balanced),25,5
0.6557377049180327,0.5384615384615384,0.6086956521739131,0.6842105263157895,0.5714285714285714,0.648741418764302,0.48979123866644814,RCA,Logistic Regression (Default),1,1
0.6721311475409836,0.5882352941176471,0.43478260869565216,0.8157894736842105,0.5,0.7254004576659039,0.56058472899888,RCA,Logistic Regression (Default),2,1
0.6557377049180327,0.5357142857142857,0.6521739130434783,0.6578947368421053,0.5882352941176471,0.742562929061785,0.6182300311449725,RCA,Logistic Regression (Default),3,1
0.6333333333333333,0.5454545454545454,0.2608695652173913,0.8648648648648649,0.35294117647058826,0.6897767332549942,0.5409170567287116,RCA,Logistic Regression (Default),4,1
0.7166666666666667,0.6470588235294118,0.5,0.8421052631578947,0.5641025641025641,0.7248803827751196,0.6470009620988346,RCA,Logistic Regression (Default),5,1
0.639344262295082,0.5294117647058824,0.391304347826087,0.7894736842105263,0.45,0.6876430205949656,0.5582447368563773,RCA,Logistic Regression (Default),6,2
0.6065573770491803,0.47058823529411764,0.34782608695652173,0.7631578947368421,0.4,0.585812356979405,0.48440027862557367,RCA,Logistic Regression (Default),7,2
0.7049180327868853,0.6086956521739131,0.6086956521739131,0.7631578947368421,0.6086956521739131,0.7929061784897026,0.6744328491581514,RCA,Logistic Regression (Default),8,2
0.7166666666666667,0.65,0.5652173913043478,0.8108108108108109,0.6046511627906976,0.7567567567567568,0.5865495111669591,RCA,Logistic Regression (Default),9,2
0.7,0.6,0.5454545454545454,0.7894736842105263,0.5714285714285714,0.7751196172248804,0.6727866251047447,RCA,Logistic Regression (Default),10,2
0.6721311475409836,0.5714285714285714,0.5217391304347826,0.7631578947368421,0.5454545454545454,0.6830663615560641,0.5233088963663218,RCA,Logistic Regression (Default),11,3
0.6557377049180327,0.5384615384615384,0.6086956521739131,0.6842105263157895,0.5714285714285714,0.7059496567505721,0.6048222122360479,RCA,Logistic Regression (Default),12,3
0.639344262295082,0.5263157894736842,0.43478260869565216,0.7631578947368421,0.47619047619047616,0.7013729977116705,0.5127356077749387,RCA,Logistic Regression (Default),13,3
0.7333333333333333,0.7058823529411765,0.5217391304347826,0.8648648648648649,0.6,0.7779083431257344,0.7127822516867026,RCA,Logistic Regression (Default),14,3
0.7,0.5909090909090909,0.5909090909090909,0.7631578947368421,0.5909090909090909,0.7715311004784688,0.6629038779180838,RCA,Logistic Regression (Default),15,3
0.6557377049180327,0.5416666666666666,0.5652173913043478,0.7105263157894737,0.5531914893617021,0.6876430205949657,0.6565475873549951,RCA,Logistic Regression (Default),16,4
0.7377049180327869,0.6842105263157895,0.5652173913043478,0.8421052631578947,0.6190476190476191,0.7597254004576659,0.689916644804768,RCA,Logistic Regression (Default),17,4
0.5409836065573771,0.35294117647058826,0.2608695652173913,0.7105263157894737,0.3,0.5755148741418764,0.39429441915840563,RCA,Logistic Regression (Default),18,4
0.7,0.6190476190476191,0.5652173913043478,0.7837837837837838,0.5909090909090909,0.7661574618096357,0.577227811058756,RCA,Logistic Regression (Default),19,4
0.6666666666666666,0.5833333333333334,0.3181818181818182,0.868421052631579,0.4117647058823529,0.6925837320574163,0.5920172900060754,RCA,Logistic Regression (Default),20,4
0.6885245901639344,0.6,0.5217391304347826,0.7894736842105263,0.5581395348837209,0.7757437070938216,0.6921100013023602,RCA,Logistic Regression (Default),21,5
0.7540983606557377,0.7,0.6086956521739131,0.8421052631578947,0.6511627906976745,0.797482837528604,0.6632170454230808,RCA,Logistic Regression (Default),22,5
0.6557377049180327,0.5357142857142857,0.6521739130434783,0.6578947368421053,0.5882352941176471,0.7105263157894737,0.5756105692221879,RCA,Logistic Regression (Default),23,5
0.7,0.6470588235294118,0.4782608695652174,0.8378378378378378,0.55,0.7097532314923619,0.6382998851370811,RCA,Logistic Regression (Default),24,5
0.6166666666666667,0.47368421052631576,0.4090909090909091,0.7368421052631579,0.43902439024390244,0.6064593301435407,0.4589156361458668,RCA,Logistic Regression (Default),25,5
0.639344262295082,0.5161290322580645,0.6956521739130435,0.6052631578947368,0.5925925925925926,0.6498855835240275,0.4940387797525764,RCA,Logistic Regression (Balanced),1,1
0.6885245901639344,0.6,0.5217391304347826,0.7894736842105263,0.5581395348837209,0.7162471395881007,0.5566800580331686,RCA,Logistic Regression (Balanced),2,1
0.6065573770491803,0.48717948717948717,0.8260869565217391,0.47368421052631576,0.6129032258064516,0.7471395881006865,0.6311616969800983,RCA,Logistic Regression (Balanced),3,1
0.65,0.55,0.4782608695652174,0.7567567567567568,0.5116279069767442,0.7038777908343126,0.5567851351821796,RCA,Logistic Regression (Balanced),4,1
0.6833333333333333,0.56,0.6363636363636364,0.7105263157894737,0.5957446808510638,0.7260765550239234,0.6515648005116197,RCA,Logistic Regression (Balanced),5,1
0.6885245901639344,0.6,0.5217391304347826,0.7894736842105263,0.5581395348837209,0.6887871853546911,0.5578331155773888,RCA,Logistic Regression (Balanced),6,2
0.5409836065573771,0.4,0.43478260869565216,0.6052631578947368,0.4166666666666667,0.5881006864988558,0.47769347889873004,RCA,Logistic Regression (Balanced),7,2
0.7377049180327869,0.6129032258064516,0.8260869565217391,0.6842105263157895,0.7037037037037037,0.7894736842105263,0.653869073366827,RCA,Logistic Regression (Balanced),8,2
0.7333333333333333,0.6296296296296297,0.7391304347826086,0.7297297297297297,0.68,0.7614571092831963,0.5956472206769045,RCA,Logistic Regression (Balanced),9,2
0.6666666666666666,0.5333333333333333,0.7272727272727273,0.631578947368421,0.6153846153846154,0.7727272727272727,0.6727573245701494,RCA,Logistic Regression (Balanced),10,2
0.639344262295082,0.52,0.5652173913043478,0.6842105263157895,0.5416666666666666,0.6899313501144165,0.549360352203688,RCA,Logistic Regression (Balanced),11,3
0.6229508196721312,0.5,0.6521739130434783,0.6052631578947368,0.5660377358490566,0.700228832951945,0.6025390681481277,RCA,Logistic Regression (Balanced),12,3
0.6065573770491803,0.48148148148148145,0.5652173913043478,0.631578947368421,0.52,0.6979405034324944,0.515219133533608,RCA,Logistic Regression (Balanced),13,3
0.7166666666666667,0.6153846153846154,0.6956521739130435,0.7297297297297297,0.6530612244897959,0.781433607520564,0.71093122995826,RCA,Logistic Regression (Balanced),14,3
0.6666666666666666,0.5357142857142857,0.6818181818181818,0.6578947368421053,0.6,0.7655502392344498,0.660883228056838,RCA,Logistic Regression (Balanced),15,3
0.6229508196721312,0.5,0.6086956521739131,0.631578947368421,0.5490196078431373,0.6773455377574371,0.6620367097000757,RCA,Logistic Regression (Balanced),16,4
0.7213114754098361,0.625,0.6521739130434783,0.7631578947368421,0.6382978723404256,0.7620137299771167,0.674961443799082,RCA,Logistic Regression (Balanced),17,4
0.6065573770491803,0.4782608695652174,0.4782608695652174,0.6842105263157895,0.4782608695652174,0.5789473684210527,0.3948701845142149,RCA,Logistic Regression (Balanced),18,4
0.6833333333333333,0.5769230769230769,0.6521739130434783,0.7027027027027027,0.6122448979591837,0.7614571092831962,0.5839696248816363,RCA,Logistic Regression (Balanced),19,4
0.65,0.5217391304347826,0.5454545454545454,0.7105263157894737,0.5333333333333333,0.700956937799043,0.598639332441606,RCA,Logistic Regression (Balanced),20,4
0.7377049180327869,0.6296296296296297,0.7391304347826086,0.7368421052631579,0.68,0.7848970251716247,0.7031531502278083,RCA,Logistic Regression (Balanced),21,5
0.7213114754098361,0.625,0.6521739130434783,0.7631578947368421,0.6382978723404256,0.7986270022883295,0.6344678917222513,RCA,Logistic Regression (Balanced),22,5
0.6557377049180327,0.53125,0.7391304347826086,0.6052631578947368,0.6181818181818182,0.7093821510297482,0.5691631020744802,RCA,Logistic Regression (Balanced),23,5
0.6333333333333333,0.5217391304347826,0.5217391304347826,0.7027027027027027,0.5217391304347826,0.6980023501762632,0.6353416505246702,RCA,Logistic Regression (Balanced),24,5
0.6,0.45454545454545453,0.45454545454545453,0.6842105263157895,0.45454545454545453,0.6004784688995215,0.45291987201472256,RCA,Logistic Regression (Balanced),25,5
0.6229508196721312,0.5,0.43478260869565216,0.7368421052631579,0.46511627906976744,0.6910755148741419,0.5355389331294315,RCA,SVM (Balanced),1,1
0.7049180327868853,0.7777777777777778,0.30434782608695654,0.9473684210526315,0.4375,0.7528604118993135,0.6211951262532759,RCA,SVM (Balanced),2,1
0.639344262295082,0.5238095238095238,0.4782608695652174,0.7368421052631579,0.5,0.7082379862700229,0.5376010527919056,RCA,SVM (Balanced),3,1
0.6666666666666666,0.6153846153846154,0.34782608695652173,0.8648648648648649,0.4444444444444444,0.7226792009400704,0.6215252347063269,RCA,SVM (Balanced),4,1
0.6333333333333333,0.5,0.13636363636363635,0.9210526315789473,0.21428571428571427,0.6889952153110047,0.5551130827623106,RCA,SVM (Balanced),5,1
0.6885245901639344,0.75,0.2608695652173913,0.9473684210526315,0.3870967741935484,0.7334096109839816,0.6173949918128385,RCA,SVM (Balanced),6,2
0.5573770491803278,0.375,0.2608695652173913,0.7368421052631579,0.3076923076923077,0.5617848970251716,0.38831183505474637,RCA,SVM (Balanced),7,2
0.6557377049180327,0.55,0.4782608695652174,0.7631578947368421,0.5116279069767442,0.7305491990846682,0.5720593678489552,RCA,SVM (Balanced),8,2
0.7333333333333333,0.7333333333333333,0.4782608695652174,0.8918918918918919,0.5789473684210527,0.7508813160987073,0.5912778776027913,RCA,SVM (Balanced),9,2
0.7,0.6666666666666666,0.36363636363636365,0.8947368421052632,0.47058823529411764,0.7667464114832536,0.7003449433516942,RCA,SVM (Balanced),10,2
0.6557377049180327,0.5625,0.391304347826087,0.8157894736842105,0.46153846153846156,0.6910755148741419,0.5281653392559261,RCA,SVM (Balanced),11,3
0.6885245901639344,0.6,0.5217391304347826,0.7894736842105263,0.5581395348837209,0.6899313501144165,0.5528954128876958,RCA,SVM (Balanced),12,3
0.6885245901639344,0.6666666666666666,0.34782608695652173,0.8947368421052632,0.45714285714285713,0.6967963386727689,0.5933960604493395,RCA,SVM (Balanced),13,3
0.7,0.6470588235294118,0.4782608695652174,0.8378378378378378,0.55,0.7144535840188014,0.6308478022657636,RCA,SVM (Balanced),14,3
0.6833333333333333,0.7142857142857143,0.22727272727272727,0.9473684210526315,0.3448275862068966,0.7799043062200958,0.6674834302162214,RCA,SVM (Balanced),15,3
0.6721311475409836,0.6,0.391304347826087,0.8421052631578947,0.47368421052631576,0.727116704805492,0.5937597329006644,RCA,SVM (Balanced),16,4
0.7049180327868853,0.6470588235294118,0.4782608695652174,0.8421052631578947,0.55,0.7059496567505721,0.6005920358805561,RCA,SVM (Balanced),17,4
0.5081967213114754,0.23076923076923078,0.13043478260869565,0.7368421052631579,0.16666666666666666,0.5446224256292906,0.4104573946161013,RCA,SVM (Balanced),18,4
0.6666666666666666,0.6153846153846154,0.34782608695652173,0.8648648648648649,0.4444444444444444,0.7861339600470035,0.600767286507364,RCA,SVM (Balanced),19,4
0.6166666666666667,0.4666666666666667,0.3181818181818182,0.7894736842105263,0.3783783783783784,0.6925837320574162,0.5820679320128653,RCA,SVM (Balanced),20,4
0.6885245901639344,0.625,0.43478260869565216,0.8421052631578947,0.5128205128205128,0.7551487414187643,0.6275471916483207,RCA,SVM (Balanced),21,5
0.7049180327868853,0.6923076923076923,0.391304347826087,0.8947368421052632,0.5,0.7574370709382151,0.6094526645093032,RCA,SVM (Balanced),22,5
0.639344262295082,0.5238095238095238,0.4782608695652174,0.7368421052631579,0.5,0.677345537757437,0.471693562139802,RCA,SVM (Balanced),23,5
0.6833333333333333,1.0,0.17391304347826086,1.0,0.2962962962962963,0.7873090481786134,0.7110629734431091,RCA,SVM (Balanced),24,5
0.6166666666666667,0.47368421052631576,0.4090909090909091,0.7368421052631579,0.43902439024390244,0.5526315789473684,0.4097491629366046,RCA,SVM (Balanced),25,5
