feature,mean_abs_shap,rank
Atypical,0.06405750052206914,1
Typical Chest Pain,0.06033250270238673,2
EF-TTE,0.04656987480415327,3
Region RWMA,0.042712684491374144,4
Age,0.0334271042028429,5
ESR,0.025875724072775202,6
Sex,0.015890793580966928,7
PR,0.015727601230143003,8
HTN,0.01465648374452336,9
Lymph,0.01448535150454703,10
Weight,0.014477164949993055,11
Neut,0.012426372545197486,12
CR,0.012067167458457503,13
WBC,0.01173680298837488,14
Tinversion,0.011315229755814171,15
HDL,0.01009485374350127,16
BMI,0.010005515708485771,17
TG,0.009993094119739797,18
LDL,0.0099624200059173,19
Dyspnea,0.009410351214395297,20
Nonanginal,0.008465200463217734,21
Na,0.00828358308841048,22
FBS,0.0077547568581755495,23
PLT,0.007492439164836751,24
BP,0.00709087035691737,25
HB,0.0070881569388197875,26
Function Class,0.0065726318023656945,27
BUN,0.006252296599820581,28
Length,0.0060799553749704156,29
K,0.005058516232442948,30
Obesity,0.004989005073503589,31
St Depression,0.004621504874787002,32
VHD,0.004200482634933519,33
Current Smoker,0.0038017255851978977,34
DLP,0.003503399870124128,35
St Elevation,0.0026981740384523557,36
Systolic Murmur,0.0022790958264109185,37
Poor R Progression,0.0019623243211407417,38
CVA,0.0016603936552167054,39
Thyroid Disease,0.0016329030975196538,40
DM,0.0015899039803595077,41
FH,0.0013370736483629543,42
Edema,0.0012159261853014875,43
Q Wave,0.0011542533774583905,44
Lung rales,0.0011088858025548238,45
BBB,0.001095616292804271,46
CRF,0.0008905226858948196,47
LVH,0.0008451042877720877,48
Diastolic Murmur,0.0006799616857587681,49
Weak Peripheral Pulse,0.0005078337840658896,50
Airway disease,0.00047875891699244945,51
EX-Smoker,0.00036467127188111284,52
LowTH Ang,0.0,53
CHF,0.0,54
