feature,cad_importance,lad_importance,lcx_importance,rca_importance,avg_importance
Typical Chest Pain,1.107312453191172,0.06033250270238673,0.015015772585956735,0.3293699245206387,0.37800766325003854
Age,0.7698056132905075,0.0334271042028429,0.06659063145027552,0.5802130117907611,0.3625090901835968
DM,0.4780324669232738,0.0015899039803595077,0.007106489804060847,0.6157010588371387,0.2756074798862082
Sex,0.39470628763521376,0.015890793580966928,0.0027765797671760674,0.5859763237095764,0.24983749617323328
Dyspnea,0.5647785126701461,0.009410351214395297,0.0,0.42328853577063075,0.24936934991379303
Region RWMA,0.5558895951556048,0.042712684491374144,0.005159314284126538,0.21245398759867484,0.20405389538244506
TG,0.49781798881625366,0.009993094119739797,0.00826975702395108,0.25729192483514757,0.19334319119877302
BMI,0.4305556697278313,0.010005515708485771,0.006943696175867794,0.30185820763386534,0.18734077231151258
ESR,0.3010406983060791,0.025875724072775202,0.006000563977353537,0.3930980571584948,0.18150376087867565
Weight,0.21516952838842415,0.014477164949993055,0.002582814834940692,0.41915146988595176,0.1628452445148274
EF-TTE,0.495002229636235,0.04656987480415327,0.008997484732635619,0.09503473377502183,0.16140108073701143
HTN,0.433002940424001,0.01465648374452336,0.0010927916834646905,0.19237450717414922,0.1602816807565346
Function Class,0.24487438967537128,0.0065726318023656945,0.00043565663861631703,0.34823432124712345,0.15002924984086918
VHD,0.39731204865155717,0.004200482634933519,0.003562267486380069,0.1659589607978991,0.14275843989269246
FH,0.408058046524924,0.0013370736483629543,0.0001323191953544041,0.15549586084313943,0.1412558250529452
Tinversion,0.5172061213896638,0.011315229755814171,0.0008792291274546482,0.02167436188344015,0.13776873553909322
Atypical,0.2864343257965584,0.06405750052206914,0.003987491910195015,0.1716526979758086,0.1315330040511578
Length,0.17226022467402344,0.0060799553749704156,0.0058380498131403915,0.2794381567137331,0.11590409664396684
BUN,0.07015868763081311,0.006252296599820581,0.0020106112187732116,0.3222410787396433,0.10016566854726255
PR,0.29957126912404836,0.015727601230143003,0.0044184034567016535,0.07929010957613693,0.09975184584675748
HB,0.2640313706015178,0.0070881569388197875,0.0005076826262702498,0.10864540191561543,0.09506815302055584
Neut,0.008687387104855279,0.012426372545197486,0.007737178731008847,0.3117312347186762,0.08514554327493445
CR,0.0858819926931809,0.012067167458457503,0.0068092036769936085,0.21547381278218677,0.0800580441527047
BP,0.2725251975499923,0.00709087035691737,0.0070214667154969495,0.02938688372603605,0.07900610458711067
HDL,0.09384332149012685,0.01009485374350127,0.007220125045371162,0.19257637052754625,0.07593366770163638
K,0.11979954477048976,0.005058516232442948,0.005645801759777337,0.15985240046335739,0.07258906580651686
Nonanginal,0.14343413086144063,0.008465200463217734,0.0,0.1109682859754155,0.06571690432501848
Obesity,0.18830165259890072,0.004989005073503589,9.539097797498449e-05,0.014558690393648906,0.05198618476100705
DLP,0.11691560409391331,0.003503399870124128,0.0007036100773221063,0.0840898262956816,0.051303110084260285
St Depression,0.18471878926070998,0.004621504874787002,9.920688323554124e-05,0.01016221890773224,0.04990042998161619
FBS,0.1455732630422994,0.0077547568581755495,0.01253585601852141,0.022342061496469477,0.04705148435386646
Current Smoker,0.08618885537491243,0.0038017255851978977,0.006035304973664881,0.09114682450768866,0.046793177610365964
LDL,0.13703467872593153,0.0099624200059173,0.015778185451024777,0.016294387501457452,0.04476741792108276
PLT,0.062445642379198744,0.007492439164836751,0.01852564815028114,0.062165961230592016,0.037657422731227165
Q Wave,0.057443897088550536,0.0011542533774583905,0.00030884173634061437,0.08115673514645645,0.0350159318372015
BBB,0.1030618939187431,0.001095616292804271,0.0,0.019800879019777385,0.03098959730783119
LVH,0.10801726569469883,0.0008451042877720877,0.0,0.009647232041893846,0.029627400506091188
Poor R Progression,0.029660455200691906,0.0019623243211407417,0.0,0.06718608348093132,0.02470221575069099
Na,0.00560339081358719,0.00828358308841048,0.016969138359827687,0.060067994268536325,0.02273102663259042
St Elevation,0.07615277495322564,0.0026981740384523557,0.0,0.009101225523220569,0.02198804362872464
Lung rales,0.06053779765741772,0.0011088858025548238,0.0,0.021126602785569572,0.02069332156138553
Diastolic Murmur,0.02324918637370987,0.0006799616857587681,0.0,0.056905472941172305,0.020208655250160235
Airway disease,0.06148584543398225,0.00047875891699244945,0.0,0.017350795654891414,0.01982885000146653
Systolic Murmur,0.010578873827336457,0.0022790958264109185,0.0,0.061852116349261646,0.018677521500752255
CRF,0.006360047189867392,0.0008905226858948196,0.0,0.06605633439387695,0.01832672606740979
Lymph,0.0429193059007631,0.01448535150454703,0.002714993109902695,0.0054210834140638086,0.016385183482319158
WBC,0.019320510321282427,0.01173680298837488,0.0011014401627323883,0.029564675753072436,0.015430857306365533
CVA,0.005136282599684607,0.0016603936552167054,0.0,0.030562879971822984,0.009339889056681074
Edema,0.023044230617333187,0.0012159261853014875,0.0,0.011890824827199295,0.009037745407458492
EX-Smoker,0.0093514008223309,0.00036467127188111284,0.00023471089492855664,0.016083301764060032,0.006508521188300151
Thyroid Disease,0.009239317408084374,0.0016329030975196538,0.0,0.011906264966185244,0.005694621367947318
Weak Peripheral Pulse,0.008041423177695774,0.0005078337840658896,0.0,0.010129215496179582,0.004669618114485311
CHF,0.0012726606556170577,0.0,0.0,0.006720686857966902,0.00199833687839599
LowTH Ang,0.0010911678259808055,0.0,0.0,0.0029517784306794833,0.0010107365641650722
