target,feature,mean_abs_shap,rank
CAD,Typical Chest Pain,1.107312453191172,1
CAD,Age,0.7698056132905075,2
CAD,Dyspnea,0.5647785126701461,3
CAD,Region RWMA,0.5558895951556048,4
CAD,Tinversion,0.5172061213896638,5
CAD,TG,0.49781798881625366,6
CAD,EF-TTE,0.495002229636235,7
CAD,DM,0.4780324669232738,8
CAD,HTN,0.433002940424001,9
CAD,BMI,0.4305556697278313,10
CAD,FH,0.408058046524924,11
CAD,VHD,0.39731204865155717,12
CAD,Sex,0.39470628763521376,13
CAD,ESR,0.3010406983060791,14
CAD,PR,0.29957126912404836,15
CAD,Atypical,0.2864343257965584,16
CAD,BP,0.2725251975499923,17
CAD,HB,0.2640313706015178,18
CAD,Function Class,0.24487438967537128,19
CAD,Weight,0.21516952838842415,20
CAD,Obesity,0.18830165259890072,21
CAD,St Depression,0.18471878926070998,22
CAD,Length,0.17226022467402344,23
CAD,FBS,0.1455732630422994,24
CAD,Nonanginal,0.14343413086144063,25
CAD,LDL,0.13703467872593153,26
CAD,K,0.11979954477048976,27
CAD,DLP,0.11691560409391331,28
CAD,LVH,0.10801726569469883,29
CAD,BBB,0.1030618939187431,30
CAD,HDL,0.09384332149012685,31
CAD,Current Smoker,0.08618885537491243,32
CAD,CR,0.0858819926931809,33
CAD,St Elevation,0.07615277495322564,34
CAD,BUN,0.07015868763081311,35
CAD,PLT,0.062445642379198744,36
CAD,Airway disease,0.06148584543398225,37
CAD,Lung rales,0.06053779765741772,38
CAD,Q Wave,0.057443897088550536,39
CAD,Lymph,0.0429193059007631,40
CAD,Poor R Progression,0.029660455200691906,41
CAD,Diastolic Murmur,0.02324918637370987,42
CAD,Edema,0.023044230617333187,43
CAD,WBC,0.019320510321282427,44
CAD,Systolic Murmur,0.010578873827336457,45
CAD,EX-Smoker,0.0093514008223309,46
CAD,Thyroid Disease,0.009239317408084374,47
CAD,Neut,0.008687387104855279,48
CAD,Weak Peripheral Pulse,0.008041423177695774,49
CAD,CRF,0.006360047189867392,50
CAD,Na,0.00560339081358719,51
CAD,CVA,0.005136282599684607,52
CAD,CHF,0.0012726606556170577,53
CAD,LowTH Ang,0.0010911678259808055,54
LAD,Atypical,0.06405750052206914,1
LAD,Typical Chest Pain,0.06033250270238673,2
LAD,EF-TTE,0.04656987480415327,3
LAD,Region RWMA,0.042712684491374144,4
LAD,Age,0.0334271042028429,5
LAD,ESR,0.025875724072775202,6
LAD,Sex,0.015890793580966928,7
LAD,PR,0.015727601230143003,8
LAD,HTN,0.01465648374452336,9
LAD,Lymph,0.01448535150454703,10
LAD,Weight,0.014477164949993055,11
LAD,Neut,0.012426372545197486,12
LAD,CR,0.012067167458457503,13
LAD,WBC,0.01173680298837488,14
LAD,Tinversion,0.011315229755814171,15
LAD,HDL,0.01009485374350127,16
LAD,BMI,0.010005515708485771,17
LAD,TG,0.009993094119739797,18
LAD,LDL,0.0099624200059173,19
LAD,Dyspnea,0.009410351214395297,20
LAD,Nonanginal,0.008465200463217734,21
LAD,Na,0.00828358308841048,22
LAD,FBS,0.0077547568581755495,23
LAD,PLT,0.007492439164836751,24
LAD,BP,0.00709087035691737,25
LAD,HB,0.0070881569388197875,26
LAD,Function Class,0.0065726318023656945,27
LAD,BUN,0.006252296599820581,28
LAD,Length,0.0060799553749704156,29
LAD,K,0.005058516232442948,30
LAD,Obesity,0.004989005073503589,31
LAD,St Depression,0.004621504874787002,32
LAD,VHD,0.004200482634933519,33
LAD,Current Smoker,0.0038017255851978977,34
LAD,DLP,0.003503399870124128,35
LAD,St Elevation,0.0026981740384523557,36
LAD,Systolic Murmur,0.0022790958264109185,37
LAD,Poor R Progression,0.0019623243211407417,38
LAD,CVA,0.0016603936552167054,39
LAD,Thyroid Disease,0.0016329030975196538,40
LAD,DM,0.0015899039803595077,41
LAD,FH,0.0013370736483629543,42
LAD,Edema,0.0012159261853014875,43
LAD,Q Wave,0.0011542533774583905,44
LAD,Lung rales,0.0011088858025548238,45
LAD,BBB,0.001095616292804271,46
LAD,CRF,0.0008905226858948196,47
LAD,LVH,0.0008451042877720877,48
LAD,Diastolic Murmur,0.0006799616857587681,49
LAD,Weak Peripheral Pulse,0.0005078337840658896,50
LAD,Airway disease,0.00047875891699244945,51
LAD,EX-Smoker,0.00036467127188111284,52
LAD,LowTH Ang,0.0,53
LAD,CHF,0.0,54
LCX,Age,0.06659063145027552,1
LCX,PLT,0.01852564815028114,2
LCX,Na,0.016969138359827687,3
LCX,LDL,0.015778185451024777,4
LCX,Typical Chest Pain,0.015015772585956735,5
LCX,FBS,0.01253585601852141,6
LCX,EF-TTE,0.008997484732635619,7
LCX,TG,0.00826975702395108,8
LCX,Neut,0.007737178731008847,9
LCX,HDL,0.007220125045371162,10
LCX,DM,0.007106489804060847,11
LCX,BP,0.0070214667154969495,12
LCX,BMI,0.006943696175867794,13
LCX,CR,0.0068092036769936085,14
LCX,Current Smoker,0.006035304973664881,15
LCX,ESR,0.006000563977353537,16
LCX,Length,0.0058380498131403915,17
LCX,K,0.005645801759777337,18
LCX,Region RWMA,0.005159314284126538,19
LCX,PR,0.0044184034567016535,20
LCX,Atypical,0.003987491910195015,21
LCX,VHD,0.003562267486380069,22
LCX,Sex,0.0027765797671760674,23
LCX,Lymph,0.002714993109902695,24
LCX,Weight,0.002582814834940692,25
LCX,BUN,0.0020106112187732116,26
LCX,WBC,0.0011014401627323883,27
LCX,HTN,0.0010927916834646905,28
LCX,Tinversion,0.0008792291274546482,29
LCX,DLP,0.0007036100773221063,30
LCX,HB,0.0005076826262702498,31
LCX,Function Class,0.00043565663861631703,32
LCX,Q Wave,0.00030884173634061437,33
LCX,EX-Smoker,0.00023471089492855664,34
LCX,FH,0.0001323191953544041,35
LCX,St Depression,9.920688323554124e-05,36
LCX,Obesity,9.539097797498449e-05,37
LCX,Airway disease,0.0,38
LCX,LowTH Ang,0.0,39
LCX,Nonanginal,0.0,40
LCX,Diastolic Murmur,0.0,41
LCX,Dyspnea,0.0,42
LCX,Systolic Murmur,0.0,43
LCX,Lung rales,0.0,44
LCX,CHF,0.0,45
LCX,Weak Peripheral Pulse,0.0,46
LCX,CRF,0.0,47
LCX,CVA,0.0,48
LCX,Thyroid Disease,0.0,49
LCX,BBB,0.0,50
LCX,Poor R Progression,0.0,51
LCX,LVH,0.0,52
LCX,Edema,0.0,53
LCX,St Elevation,0.0,54
RCA,DM,0.6157010588371387,1
RCA,Sex,0.5859763237095764,2
RCA,Age,0.5802130117907611,3
RCA,Dyspnea,0.42328853577063075,4
RCA,Weight,0.41915146988595176,5
RCA,ESR,0.3930980571584948,6
RCA,Function Class,0.34823432124712345,7
RCA,Typical Chest Pain,0.3293699245206387,8
RCA,BUN,0.3222410787396433,9
RCA,Neut,0.3117312347186762,10
RCA,BMI,0.30185820763386534,11
RCA,Length,0.2794381567137331,12
RCA,TG,0.25729192483514757,13
RCA,CR,0.21547381278218677,14
RCA,Region RWMA,0.21245398759867484,15
RCA,HDL,0.19257637052754625,16
RCA,HTN,0.19237450717414922,17
RCA,Atypical,0.1716526979758086,18
RCA,VHD,0.1659589607978991,19
RCA,K,0.15985240046335739,20
RCA,FH,0.15549586084313943,21
RCA,Nonanginal,0.1109682859754155,22
RCA,HB,0.10864540191561543,23
RCA,EF-TTE,0.09503473377502183,24
RCA,Current Smoker,0.09114682450768866,25
RCA,DLP,0.0840898262956816,26
RCA,Q Wave,0.08115673514645645,27
RCA,PR,0.07929010957613693,28
RCA,Poor R Progression,0.06718608348093132,29
RCA,CRF,0.06605633439387695,30
RCA,PLT,0.062165961230592016,31
RCA,Systolic Murmur,0.061852116349261646,32
RCA,Na,0.060067994268536325,33
RCA,Diastolic Murmur,0.056905472941172305,34
RCA,CVA,0.030562879971822984,35
RCA,WBC,0.029564675753072436,36
RCA,BP,0.02938688372603605,37
RCA,FBS,0.022342061496469477,38
RCA,Tinversion,0.02167436188344015,39
RCA,Lung rales,0.021126602785569572,40
RCA,BBB,0.019800879019777385,41
RCA,Airway disease,0.017350795654891414,42
RCA,LDL,0.016294387501457452,43
RCA,EX-Smoker,0.016083301764060032,44
RCA,Obesity,0.014558690393648906,45
RCA,Thyroid Disease,0.011906264966185244,46
RCA,Edema,0.011890824827199295,47
RCA,St Depression,0.01016221890773224,48
RCA,Weak Peripheral Pulse,0.010129215496179582,49
RCA,LVH,0.009647232041893846,50
RCA,St Elevation,0.009101225523220569,51
RCA,CHF,0.006720686857966902,52
RCA,Lymph,0.0054210834140638086,53
RCA,LowTH Ang,0.0029517784306794833,54
