target,model,threshold,precision,recall,sensitivity,specificity,f1,accuracy
CAD,Logistic Regression (Default),0.2,0.82421875,0.9768518518518519,0.9768518518518519,0.4827586206896552,0.8940677966101694,0.834983498349835
CAD,Logistic Regression (Default),0.25,0.8421052631578947,0.9629629629629629,0.9629629629629629,0.5517241379310345,0.8984881209503239,0.8448844884488449
CAD,Logistic Regression (Default),0.3,0.85,0.9444444444444444,0.9444444444444444,0.5862068965517241,0.8947368421052632,0.8415841584158416
CAD,Logistic Regression (Default),0.35,0.8547008547008547,0.9259259259259259,0.9259259259259259,0.6091954022988506,0.8888888888888888,0.834983498349835
CAD,Logistic Regression (Default),0.4,0.8640350877192983,0.9120370370370371,0.9120370370370371,0.6436781609195402,0.8873873873873874,0.834983498349835
CAD,Logistic Regression (Default),0.45,0.8783783783783784,0.9027777777777778,0.9027777777777778,0.6896551724137931,0.8904109589041096,0.8415841584158416
CAD,Logistic Regression (Default),0.5,0.9014084507042254,0.8888888888888888,0.8888888888888888,0.7586206896551724,0.8951048951048951,0.8514851485148515
CAD,Logistic Regression (Default),0.55,0.909952606635071,0.8888888888888888,0.8888888888888888,0.7816091954022989,0.8992974238875878,0.858085808580858
CAD,Logistic Regression (Default),0.6,0.9186602870813397,0.8888888888888888,0.8888888888888888,0.8045977011494253,0.9035294117647059,0.8646864686468647
CAD,Logistic Regression (Default),0.65,0.9211822660098522,0.8657407407407407,0.8657407407407407,0.8160919540229885,0.8926014319809069,0.8514851485148515
CAD,Logistic Regression (Default),0.7,0.9336734693877551,0.8472222222222222,0.8472222222222222,0.8505747126436781,0.8883495145631068,0.8481848184818482
CAD,Logistic Regression (Default),0.75,0.9361702127659575,0.8148148148148148,0.8148148148148148,0.8620689655172413,0.8712871287128713,0.8283828382838284
CAD,Logistic Regression (Default),0.8,0.945054945054945,0.7962962962962963,0.7962962962962963,0.8850574712643678,0.864321608040201,0.8217821782178217
CAD,Random Forest (Default),0.2,0.7152317880794702,1.0,1.0,0.011494252873563218,0.833976833976834,0.7161716171617162
CAD,Random Forest (Default),0.25,0.7239057239057239,0.9953703703703703,0.9953703703703703,0.05747126436781609,0.8382066276803118,0.7260726072607261
CAD,Random Forest (Default),0.3,0.7312925170068028,0.9953703703703703,0.9953703703703703,0.09195402298850575,0.8431372549019608,0.735973597359736
CAD,Random Forest (Default),0.35,0.7709090909090909,0.9814814814814815,0.9814814814814815,0.27586206896551724,0.8635437881873728,0.7788778877887789
CAD,Random Forest (Default),0.4,0.8178294573643411,0.9768518518518519,0.9768518518518519,0.45977011494252873,0.890295358649789,0.8283828382838284
CAD,Random Forest (Default),0.45,0.8380566801619433,0.9583333333333334,0.9583333333333334,0.5402298850574713,0.8941684665226782,0.8382838283828383
CAD,Random Forest (Default),0.5,0.8755364806866953,0.9444444444444444,0.9444444444444444,0.6666666666666666,0.9086859688195991,0.8646864686468647
CAD,Random Forest (Default),0.55,0.8938053097345132,0.9351851851851852,0.9351851851851852,0.7241379310344828,0.9140271493212669,0.8745874587458746
CAD,Random Forest (Default),0.6,0.9170506912442397,0.9212962962962963,0.9212962962962963,0.7931034482758621,0.9191685912240185,0.8844884488448845
CAD,Random Forest (Default),0.65,0.94,0.8703703703703703,0.8703703703703703,0.8620689655172413,0.9038461538461539,0.8679867986798679
CAD,Random Forest (Default),0.7,0.946236559139785,0.8148148148148148,0.8148148148148148,0.8850574712643678,0.8756218905472637,0.834983498349835
CAD,Random Forest (Default),0.75,0.9457831325301205,0.7268518518518519,0.7268518518518519,0.896551724137931,0.8219895287958116,0.7755775577557755
CAD,Random Forest (Default),0.8,0.972972972972973,0.6666666666666666,0.6666666666666666,0.9540229885057471,0.7912087912087912,0.7491749174917491
CAD,Logistic Regression (Balanced),0.2,0.8626609442060086,0.9305555555555556,0.9305555555555556,0.632183908045977,0.8953229398663697,0.8448844884488449
CAD,Logistic Regression (Balanced),0.25,0.8716814159292036,0.9120370370370371,0.9120370370370371,0.6666666666666666,0.8914027149321267,0.8415841584158416
CAD,Logistic Regression (Balanced),0.3,0.875,0.9074074074074074,0.9074074074074074,0.6781609195402298,0.8909090909090909,0.8415841584158416
CAD,Logistic Regression (Balanced),0.35,0.8981481481481481,0.8981481481481481,0.8981481481481481,0.7471264367816092,0.8981481481481481,0.8547854785478548
CAD,Logistic Regression (Balanced),0.4,0.910377358490566,0.8935185185185185,0.8935185185185185,0.7816091954022989,0.9018691588785047,0.8613861386138614
CAD,Logistic Regression (Balanced),0.45,0.9170731707317074,0.8703703703703703,0.8703703703703703,0.8045977011494253,0.8931116389548693,0.8514851485148515
CAD,Logistic Regression (Balanced),0.5,0.9285714285714286,0.8425925925925926,0.8425925925925926,0.8390804597701149,0.883495145631068,0.8415841584158416
CAD,Logistic Regression (Balanced),0.55,0.9329896907216495,0.8379629629629629,0.8379629629629629,0.8505747126436781,0.8829268292682927,0.8415841584158416
CAD,Logistic Regression (Balanced),0.6,0.9421052631578948,0.8287037037037037,0.8287037037037037,0.8735632183908046,0.8817733990147784,0.8415841584158416
CAD,Logistic Regression (Balanced),0.65,0.9402173913043478,0.8009259259259259,0.8009259259259259,0.8735632183908046,0.865,0.8217821782178217
CAD,Logistic Regression (Balanced),0.7,0.9502762430939227,0.7962962962962963,0.7962962962962963,0.896551724137931,0.8664987405541562,0.8250825082508251
CAD,Logistic Regression (Balanced),0.75,0.9532163742690059,0.7546296296296297,0.7546296296296297,0.9080459770114943,0.8423772609819121,0.7986798679867987
CAD,Logistic Regression (Balanced),0.8,0.9751552795031055,0.7268518518518519,0.7268518518518519,0.9540229885057471,0.8328912466843501,0.7920792079207921
LAD,Random Forest (Default),0.2,0.6061643835616438,1.0,1.0,0.0873015873015873,0.7547974413646056,0.6204620462046204
LAD,Random Forest (Default),0.25,0.6272401433691757,0.9887005649717514,0.9887005649717514,0.1746031746031746,0.7675438596491229,0.6501650165016502
LAD,Random Forest (Default),0.3,0.6490566037735849,0.9717514124293786,0.9717514124293786,0.2619047619047619,0.7782805429864253,0.6765676567656765
LAD,Random Forest (Default),0.35,0.6938775510204082,0.96045197740113,0.96045197740113,0.40476190476190477,0.8056872037914692,0.7293729372937293
LAD,Random Forest (Default),0.4,0.7368421052631579,0.9491525423728814,0.9491525423728814,0.5238095238095238,0.8296296296296296,0.7722772277227723
LAD,Random Forest (Default),0.45,0.7570093457943925,0.9152542372881356,0.9152542372881356,0.5873015873015873,0.8286445012787724,0.7788778877887789
LAD,Random Forest (Default),0.5,0.7718446601941747,0.8983050847457628,0.8983050847457628,0.626984126984127,0.8302872062663186,0.7854785478547854
LAD,Random Forest (Default),0.55,0.8152173913043478,0.847457627118644,0.847457627118644,0.7301587301587301,0.8310249307479224,0.7986798679867987
LAD,Random Forest (Default),0.6,0.8395061728395061,0.768361581920904,0.768361581920904,0.7936507936507936,0.8023598820058997,0.7788778877887789
LAD,Random Forest (Default),0.65,0.873015873015873,0.6214689265536724,0.6214689265536724,0.873015873015873,0.7260726072607261,0.7260726072607261
LAD,Random Forest (Default),0.7,0.87,0.4915254237288136,0.4915254237288136,0.8968253968253969,0.628158844765343,0.6600660066006601
LAD,Random Forest (Default),0.75,0.8918918918918919,0.3728813559322034,0.3728813559322034,0.9365079365079365,0.5258964143426295,0.6072607260726073
LAD,Random Forest (Default),0.8,0.9555555555555556,0.24293785310734464,0.24293785310734464,0.9841269841269841,0.38738738738738737,0.5511551155115512
LAD,Random Forest (Balanced),0.2,0.6,1.0,1.0,0.06349206349206349,0.75,0.6105610561056105
LAD,Random Forest (Balanced),0.25,0.625,0.9887005649717514,0.9887005649717514,0.16666666666666666,0.7658643326039387,0.6468646864686468
LAD,Random Forest (Balanced),0.3,0.6466165413533834,0.9717514124293786,0.9717514124293786,0.25396825396825395,0.7765237020316027,0.6732673267326733
LAD,Random Forest (Balanced),0.35,0.68,0.96045197740113,0.96045197740113,0.36507936507936506,0.7962529274004684,0.7128712871287128
LAD,Random Forest (Balanced),0.4,0.711864406779661,0.9491525423728814,0.9491525423728814,0.4603174603174603,0.8135593220338984,0.7458745874587459
LAD,Random Forest (Balanced),0.45,0.7522935779816514,0.9265536723163842,0.9265536723163842,0.5714285714285714,0.830379746835443,0.7788778877887789
LAD,Random Forest (Balanced),0.5,0.7766990291262136,0.903954802259887,0.903954802259887,0.6349206349206349,0.835509138381201,0.7920792079207921
LAD,Random Forest (Balanced),0.55,0.8052631578947368,0.864406779661017,0.864406779661017,0.7063492063492064,0.8337874659400545,0.7986798679867987
LAD,Random Forest (Balanced),0.6,0.8224852071005917,0.7853107344632768,0.7853107344632768,0.7619047619047619,0.8034682080924855,0.7755775577557755
LAD,Random Forest (Balanced),0.65,0.8602941176470589,0.6610169491525424,0.6610169491525424,0.8492063492063492,0.7476038338658147,0.7392739273927392
LAD,Random Forest (Balanced),0.7,0.8846153846153846,0.519774011299435,0.519774011299435,0.9047619047619048,0.6548042704626335,0.6798679867986799
LAD,Random Forest (Balanced),0.75,0.8933333333333333,0.3785310734463277,0.3785310734463277,0.9365079365079365,0.5317460317460317,0.6105610561056105
LAD,Random Forest (Balanced),0.8,0.9215686274509803,0.2655367231638418,0.2655367231638418,0.9682539682539683,0.41228070175438597,0.5577557755775577
LAD,Gradient Boosting (Default),0.2,0.6958333333333333,0.943502824858757,0.943502824858757,0.42063492063492064,0.8009592326139089,0.7260726072607261
LAD,Gradient Boosting (Default),0.25,0.70995670995671,0.9265536723163842,0.9265536723163842,0.46825396825396826,0.803921568627451,0.735973597359736
LAD,Gradient Boosting (Default),0.3,0.7385321100917431,0.9096045197740112,0.9096045197740112,0.5476190476190477,0.8151898734177215,0.759075907590759
LAD,Gradient Boosting (Default),0.35,0.7536231884057971,0.8813559322033898,0.8813559322033898,0.5952380952380952,0.8125,0.7623762376237624
LAD,Gradient Boosting (Default),0.4,0.7661691542288557,0.8700564971751412,0.8700564971751412,0.626984126984127,0.8148148148148148,0.768976897689769
LAD,Gradient Boosting (Default),0.45,0.774869109947644,0.8361581920903954,0.8361581920903954,0.6587301587301587,0.8043478260869565,0.7623762376237624
LAD,Gradient Boosting (Default),0.5,0.7802197802197802,0.8022598870056498,0.8022598870056498,0.6825396825396826,0.7910863509749304,0.7524752475247525
LAD,Gradient Boosting (Default),0.55,0.7965116279069767,0.7740112994350282,0.7740112994350282,0.7222222222222222,0.7851002865329513,0.7524752475247525
LAD,Gradient Boosting (Default),0.6,0.8121212121212121,0.7570621468926554,0.7570621468926554,0.753968253968254,0.783625730994152,0.7557755775577558
LAD,Gradient Boosting (Default),0.65,0.8227848101265823,0.7344632768361582,0.7344632768361582,0.7777777777777778,0.7761194029850746,0.7524752475247525
LAD,Gradient Boosting (Default),0.7,0.8445945945945946,0.7062146892655368,0.7062146892655368,0.8174603174603174,0.7692307692307693,0.7524752475247525
LAD,Gradient Boosting (Default),0.75,0.8529411764705882,0.655367231638418,0.655367231638418,0.8412698412698413,0.7412140575079872,0.7326732673267327
LAD,Gradient Boosting (Default),0.8,0.8455284552845529,0.5875706214689266,0.5875706214689266,0.8492063492063492,0.6933333333333334,0.6963696369636964
LCX,Random Forest (Default),0.2,0.42391304347826086,0.9831932773109243,0.9831932773109243,0.1358695652173913,0.5924050632911393,0.46864686468646866
LCX,Random Forest (Default),0.25,0.4448818897637795,0.9495798319327731,0.9495798319327731,0.23369565217391305,0.6058981233243967,0.5148514851485149
LCX,Random Forest (Default),0.3,0.48695652173913045,0.9411764705882353,0.9411764705882353,0.358695652173913,0.6418338108882522,0.5874587458745875
LCX,Random Forest (Default),0.35,0.5025380710659898,0.8319327731092437,0.8319327731092437,0.4673913043478261,0.6265822784810127,0.6105610561056105
LCX,Random Forest (Default),0.4,0.5454545454545454,0.7058823529411765,0.7058823529411765,0.6195652173913043,0.6153846153846154,0.6534653465346535
LCX,Random Forest (Default),0.45,0.6036036036036037,0.5630252100840336,0.5630252100840336,0.7608695652173914,0.5826086956521739,0.6831683168316832
LCX,Random Forest (Default),0.5,0.64,0.40336134453781514,0.40336134453781514,0.8532608695652174,0.4948453608247423,0.6765676567656765
LCX,Random Forest (Default),0.55,0.631578947368421,0.20168067226890757,0.20168067226890757,0.9239130434782609,0.3057324840764331,0.6402640264026402
LCX,Random Forest (Default),0.6,0.5,0.06722689075630252,0.06722689075630252,0.9565217391304348,0.11851851851851852,0.6072607260726073
LCX,Random Forest (Default),0.65,0.4,0.01680672268907563,0.01680672268907563,0.9836956521739131,0.03225806451612903,0.6039603960396039
LCX,Random Forest (Default),0.7,0.3333333333333333,0.008403361344537815,0.008403361344537815,0.9891304347826086,0.01639344262295082,0.6039603960396039
LCX,Random Forest (Default),0.75,0.0,0.0,0.0,1.0,0.0,0.6072607260726073
LCX,Random Forest (Default),0.8,0.0,0.0,0.0,1.0,0.0,0.6072607260726073
LCX,Gradient Boosting (Default),0.2,0.49765258215962443,0.8907563025210085,0.8907563025210085,0.41847826086956524,0.6385542168674698,0.6039603960396039
LCX,Gradient Boosting (Default),0.25,0.5157894736842106,0.8235294117647058,0.8235294117647058,0.5,0.6343042071197411,0.6270627062706271
LCX,Gradient Boosting (Default),0.3,0.5476190476190477,0.773109243697479,0.773109243697479,0.5869565217391305,0.6411149825783972,0.6600660066006601
LCX,Gradient Boosting (Default),0.35,0.5695364238410596,0.7226890756302521,0.7226890756302521,0.6467391304347826,0.6370370370370371,0.6765676567656765
LCX,Gradient Boosting (Default),0.4,0.6106870229007634,0.6722689075630253,0.6722689075630253,0.7228260869565217,0.64,0.7029702970297029
LCX,Gradient Boosting (Default),0.45,0.6086956521739131,0.5882352941176471,0.5882352941176471,0.7554347826086957,0.5982905982905983,0.6897689768976898
LCX,Gradient Boosting (Default),0.5,0.631578947368421,0.5042016806722689,0.5042016806722689,0.8097826086956522,0.5607476635514018,0.6897689768976898
LCX,Gradient Boosting (Default),0.55,0.5949367088607594,0.3949579831932773,0.3949579831932773,0.8260869565217391,0.47474747474747475,0.6567656765676567
LCX,Gradient Boosting (Default),0.6,0.6190476190476191,0.3277310924369748,0.3277310924369748,0.8695652173913043,0.42857142857142855,0.6567656765676567
LCX,Gradient Boosting (Default),0.65,0.6739130434782609,0.2605042016806723,0.2605042016806723,0.9184782608695652,0.37575757575757573,0.6600660066006601
LCX,Gradient Boosting (Default),0.7,0.6842105263157895,0.2184873949579832,0.2184873949579832,0.9347826086956522,0.33121019108280253,0.6534653465346535
LCX,Gradient Boosting (Default),0.75,0.6521739130434783,0.12605042016806722,0.12605042016806722,0.9565217391304348,0.2112676056338028,0.6303630363036303
LCX,Gradient Boosting (Default),0.8,0.5294117647058824,0.07563025210084033,0.07563025210084033,0.9565217391304348,0.1323529411764706,0.6105610561056105
LCX,SVM (Balanced),0.2,0.4362934362934363,0.9495798319327731,0.9495798319327731,0.20652173913043478,0.5978835978835979,0.49834983498349833
LCX,SVM (Balanced),0.25,0.45689655172413796,0.8907563025210085,0.8907563025210085,0.31521739130434784,0.603988603988604,0.5412541254125413
LCX,SVM (Balanced),0.3,0.48826291079812206,0.8739495798319328,0.8739495798319328,0.4076086956521739,0.6265060240963856,0.5907590759075908
LCX,SVM (Balanced),0.35,0.536723163841808,0.7983193277310925,0.7983193277310925,0.5543478260869565,0.6418918918918919,0.6501650165016502
LCX,SVM (Balanced),0.4,0.5944055944055944,0.7142857142857143,0.7142857142857143,0.6847826086956522,0.648854961832061,0.6963696369636964
LCX,SVM (Balanced),0.45,0.6086956521739131,0.5882352941176471,0.5882352941176471,0.7554347826086957,0.5982905982905983,0.6897689768976898
LCX,SVM (Balanced),0.5,0.632183908045977,0.46218487394957986,0.46218487394957986,0.8260869565217391,0.5339805825242718,0.6831683168316832
LCX,SVM (Balanced),0.55,0.5925925925925926,0.2689075630252101,0.2689075630252101,0.8804347826086957,0.3699421965317919,0.6402640264026402
LCX,SVM (Balanced),0.6,0.6190476190476191,0.2184873949579832,0.2184873949579832,0.9130434782608695,0.32298136645962733,0.6402640264026402
LCX,SVM (Balanced),0.65,0.5833333333333334,0.11764705882352941,0.11764705882352941,0.9456521739130435,0.1958041958041958,0.6204620462046204
LCX,SVM (Balanced),0.7,0.38461538461538464,0.04201680672268908,0.04201680672268908,0.9565217391304348,0.07575757575757576,0.5973597359735974
LCX,SVM (Balanced),0.75,0.6666666666666666,0.03361344537815126,0.03361344537815126,0.9891304347826086,0.064,0.6138613861386139
LCX,SVM (Balanced),0.8,1.0,0.008403361344537815,0.008403361344537815,1.0,0.016666666666666666,0.6105610561056105
RCA,Logistic Regression (Default),0.2,0.48756218905472637,0.8596491228070176,0.8596491228070176,0.455026455026455,0.6222222222222222,0.6072607260726073
RCA,Logistic Regression (Default),0.25,0.5,0.7807017543859649,0.7807017543859649,0.5291005291005291,0.6095890410958904,0.6237623762376238
RCA,Logistic Regression (Default),0.3,0.5151515151515151,0.7456140350877193,0.7456140350877193,0.5767195767195767,0.6093189964157706,0.6402640264026402
RCA,Logistic Regression (Default),0.35,0.5454545454545454,0.6842105263157895,0.6842105263157895,0.656084656084656,0.6070038910505836,0.6666666666666666
RCA,Logistic Regression (Default),0.4,0.5615384615384615,0.6403508771929824,0.6403508771929824,0.6984126984126984,0.5983606557377049,0.6765676567656765
RCA,Logistic Regression (Default),0.45,0.5726495726495726,0.5877192982456141,0.5877192982456141,0.7354497354497355,0.5800865800865801,0.6798679867986799
RCA,Logistic Regression (Default),0.5,0.5825242718446602,0.5263157894736842,0.5263157894736842,0.7724867724867724,0.5529953917050692,0.6798679867986799
RCA,Logistic Regression (Default),0.55,0.5795454545454546,0.4473684210526316,0.4473684210526316,0.8042328042328042,0.504950495049505,0.66996699669967
RCA,Logistic Regression (Default),0.6,0.5866666666666667,0.38596491228070173,0.38596491228070173,0.8359788359788359,0.4656084656084656,0.6666666666666666
RCA,Logistic Regression (Default),0.65,0.578125,0.32456140350877194,0.32456140350877194,0.8571428571428571,0.4157303370786517,0.6567656765676567
RCA,Logistic Regression (Default),0.7,0.5918367346938775,0.2543859649122807,0.2543859649122807,0.8941798941798942,0.3558282208588957,0.6534653465346535
RCA,Logistic Regression (Default),0.75,0.7058823529411765,0.21052631578947367,0.21052631578947367,0.9470899470899471,0.32432432432432434,0.66996699669967
RCA,Logistic Regression (Default),0.8,0.7037037037037037,0.16666666666666666,0.16666666666666666,0.9576719576719577,0.2695035460992908,0.6600660066006601
RCA,Logistic Regression (Balanced),0.2,0.4700460829493088,0.8947368421052632,0.8947368421052632,0.3915343915343915,0.6163141993957704,0.5808580858085809
RCA,Logistic Regression (Balanced),0.25,0.4782608695652174,0.868421052631579,0.868421052631579,0.42857142857142855,0.616822429906542,0.594059405940594
RCA,Logistic Regression (Balanced),0.3,0.48704663212435234,0.8245614035087719,0.8245614035087719,0.47619047619047616,0.6123778501628665,0.6072607260726073
RCA,Logistic Regression (Balanced),0.35,0.5057471264367817,0.7719298245614035,0.7719298245614035,0.544973544973545,0.6111111111111112,0.6303630363036303
RCA,Logistic Regression (Balanced),0.4,0.5246913580246914,0.7456140350877193,0.7456140350877193,0.5925925925925926,0.6159420289855072,0.6501650165016502
RCA,Logistic Regression (Balanced),0.45,0.5306122448979592,0.6842105263157895,0.6842105263157895,0.6349206349206349,0.5977011494252874,0.6534653465346535
RCA,Logistic Regression (Balanced),0.5,0.549618320610687,0.631578947368421,0.631578947368421,0.6878306878306878,0.5877551020408164,0.6666666666666666
RCA,Logistic Regression (Balanced),0.55,0.5689655172413793,0.5789473684210527,0.5789473684210527,0.7354497354497355,0.5739130434782609,0.6765676567656765
RCA,Logistic Regression (Balanced),0.6,0.5904761904761905,0.543859649122807,0.543859649122807,0.7724867724867724,0.5662100456621004,0.6864686468646864
RCA,Logistic Regression (Balanced),0.65,0.5977011494252874,0.45614035087719296,0.45614035087719296,0.8148148148148148,0.5174129353233831,0.6798679867986799
RCA,Logistic Regression (Balanced),0.7,0.5921052631578947,0.39473684210526316,0.39473684210526316,0.8359788359788359,0.47368421052631576,0.66996699669967
RCA,Logistic Regression (Balanced),0.75,0.578125,0.32456140350877194,0.32456140350877194,0.8571428571428571,0.4157303370786517,0.6567656765676567
RCA,Logistic Regression (Balanced),0.8,0.6046511627906976,0.22807017543859648,0.22807017543859648,0.91005291005291,0.33121019108280253,0.6534653465346535
RCA,SVM (Balanced),0.2,0.4330708661417323,0.9649122807017544,0.9649122807017544,0.23809523809523808,0.5978260869565217,0.5115511551155115
RCA,SVM (Balanced),0.25,0.45414847161572053,0.9122807017543859,0.9122807017543859,0.3386243386243386,0.6064139941690962,0.5544554455445545
RCA,SVM (Balanced),0.3,0.47115384615384615,0.8596491228070176,0.8596491228070176,0.41798941798941797,0.6086956521739131,0.5841584158415841
RCA,SVM (Balanced),0.35,0.49411764705882355,0.7368421052631579,0.7368421052631579,0.544973544973545,0.5915492957746479,0.6171617161716172
RCA,SVM (Balanced),0.4,0.5373134328358209,0.631578947368421,0.631578947368421,0.671957671957672,0.5806451612903226,0.6567656765676567
RCA,SVM (Balanced),0.45,0.5604395604395604,0.4473684210526316,0.4473684210526316,0.7883597883597884,0.4975609756097561,0.6600660066006601
RCA,SVM (Balanced),0.5,0.5774647887323944,0.35964912280701755,0.35964912280701755,0.8412698412698413,0.44324324324324327,0.6600660066006601
RCA,SVM (Balanced),0.55,0.5952380952380952,0.21929824561403508,0.21929824561403508,0.91005291005291,0.32051282051282054,0.6501650165016502
RCA,SVM (Balanced),0.6,0.6071428571428571,0.14912280701754385,0.14912280701754385,0.9417989417989417,0.23943661971830985,0.6435643564356436
RCA,SVM (Balanced),0.65,0.625,0.08771929824561403,0.08771929824561403,0.9682539682539683,0.15384615384615385,0.636963696369637
RCA,SVM (Balanced),0.7,0.7142857142857143,0.043859649122807015,0.043859649122807015,0.9894179894179894,0.08264462809917356,0.6336633663366337
RCA,SVM (Balanced),0.75,1.0,0.008771929824561403,0.008771929824561403,1.0,0.017391304347826087,0.6270627062706271
RCA,SVM (Balanced),0.8,0.0,0.0,0.0,1.0,0.0,0.6237623762376238
