feature,value,frequency,percentage,formatting_issue_flag
Sex,Male,176,58.09,False
Sex,Fmale,127,41.91,False
DM,0,213,70.3,False
DM,1,90,29.7,False
HTN,1,179,59.08,False
HTN,0,124,40.92,False
Current Smoker,0,240,79.21,False
Current Smoker,1,63,20.79,False
EX-Smoker,0,293,96.7,False
EX-Smoker,1,10,3.3,False
FH,0,255,84.16,False
FH,1,48,15.84,False
Obesity,Y,211,69.64,False
Obesity,N,92,30.36,False
CRF,N,297,98.02,False
CRF,Y,6,1.98,False
CVA,N,298,98.35,False
CVA,Y,5,1.65,False
Airway disease,N,292,96.37,False
Airway disease,Y,11,3.63,False
Thyroid Disease,N,296,97.69,False
Thyroid Disease,Y,7,2.31,False
CHF,N,302,99.67,False
CHF,Y,1,0.33,False
DLP,N,191,63.04,False
DLP,Y,112,36.96,False
BP,130,73,24.09,False
BP,140,53,17.49,False
BP,120,49,16.17,False
BP,110,40,13.2,False
BP,100,21,6.93,False
BP,160,19,6.27,False
BP,150,16,5.28,False
BP,180,7,2.31,False
BP,90,4,1.32,False
BP,170,4,1.32,False
BP,135,4,1.32,False
BP,125,4,1.32,False
BP,115,3,0.99,False
BP,190,2,0.66,False
BP,105,2,0.66,False
BP,118,1,0.33,False
BP,132,1,0.33,False
PR,70,132,43.56,False
PR,80,82,27.06,False
PR,90,17,5.61,False
PR,75,12,3.96,False
PR,60,11,3.63,False
PR,100,8,2.64,False
PR,74,6,1.98,False
PR,68,6,1.98,False
PR,65,5,1.65,False
PR,76,4,1.32,False
PR,64,4,1.32,False
PR,110,3,0.99,False
PR,50,2,0.66,False
PR,84,2,0.66,False
PR,72,2,0.66,False
PR,85,2,0.66,False
PR,82,1,0.33,False
PR,78,1,0.33,False
PR,95,1,0.33,False
PR,88,1,0.33,False
PR,86,1,0.33,False
Edema,0,291,96.04,False
Edema,1,12,3.96,False
Weak Peripheral Pulse,N,298,98.35,False
Weak Peripheral Pulse,Y,5,1.65,False
Lung rales,N,292,96.37,False
Lung rales,Y,11,3.63,False
Systolic Murmur,N,262,86.47,False
Systolic Murmur,Y,41,13.53,False
Diastolic Murmur,N,294,97.03,False
Diastolic Murmur,Y,9,2.97,False
Typical Chest Pain,1,164,54.13,False
Typical Chest Pain,0,139,45.87,False
Dyspnea,N,169,55.78,False
Dyspnea,Y,134,44.22,False
Function Class,0,211,69.64,False
Function Class,2,73,24.09,False
Function Class,3,18,5.94,False
Function Class,1,1,0.33,False
Atypical,N,210,69.31,False
Atypical,Y,93,30.69,False
Nonanginal,N,287,94.72,False
Nonanginal,Y,16,5.28,False
Exertional CP,N,303,100.0,False
LowTH Ang,N,301,99.34,False
LowTH Ang,Y,2,0.66,False
Q Wave,0,287,94.72,False
Q Wave,1,16,5.28,False
St Elevation,0,289,95.38,False
St Elevation,1,14,4.62,False
St Depression,0,232,76.57,False
St Depression,1,71,23.43,False
Tinversion,0,213,70.3,False
Tinversion,1,90,29.7,False
LVH,N,283,93.4,False
LVH,Y,20,6.6,False
Poor R Progression,N,294,97.03,False
Poor R Progression,Y,9,2.97,False
BBB,N,282,93.07,False
BBB,LBBB,13,4.29,True
BBB,RBBB,8,2.64,True
CR,1.0,50,16.5,False
CR,0.9,47,15.51,False
CR,1.1,42,13.86,False
CR,0.8,41,13.53,False
CR,1.2,37,12.21,False
CR,1.3,25,8.25,False
CR,0.7,17,5.61,False
CR,1.4,14,4.62,False
CR,0.6,7,2.31,False
CR,1.5,7,2.31,False
CR,1.6,5,1.65,False
CR,1.9,4,1.32,False
CR,0.5,2,0.66,False
CR,1.15,1,0.33,False
CR,2.2,1,0.33,False
CR,1.8,1,0.33,False
CR,2.0,1,0.33,False
CR,1.7,1,0.33,False
K,4.3,39,12.87,False
K,4.4,28,9.24,False
K,4.2,26,8.58,False
K,4.1,26,8.58,False
K,4.0,25,8.25,False
K,3.9,23,7.59,False
K,3.8,20,6.6,False
K,4.5,19,6.27,False
K,4.9,13,4.29,False
K,3.7,13,4.29,False
K,4.7,12,3.96,False
K,4.6,12,3.96,False
K,4.8,8,2.64,False
K,3.4,7,2.31,False
K,3.5,5,1.65,False
K,5.0,5,1.65,False
K,3.6,4,1.32,False
K,3.2,4,1.32,False
K,5.1,4,1.32,False
K,5.4,3,0.99,False
K,3.3,1,0.33,False
K,6.6,1,0.33,False
K,5.3,1,0.33,False
K,5.6,1,0.33,False
K,3.1,1,0.33,False
K,5.2,1,0.33,False
K,3.0,1,0.33,False
Na,142,46,15.18,False
Na,140,37,12.21,False
Na,138,33,10.89,False
Na,139,32,10.56,False
Na,141,30,9.9,False
Na,143,29,9.57,False
Na,144,24,7.92,False
Na,145,12,3.96,False
Na,146,10,3.3,False
Na,136,9,2.97,False
Na,137,7,2.31,False
Na,148,5,1.65,False
Na,135,5,1.65,False
Na,134,4,1.32,False
Na,132,3,0.99,False
Na,156,2,0.66,False
Na,149,2,0.66,False
Na,150,2,0.66,False
Na,130,2,0.66,False
Na,131,2,0.66,False
Na,153,2,0.66,False
Na,147,2,0.66,False
Na,128,1,0.33,False
Na,152,1,0.33,False
Na,133,1,0.33,False
EF-TTE,55,99,32.67,False
EF-TTE,50,70,23.1,False
EF-TTE,45,55,18.15,False
EF-TTE,40,36,11.88,False
EF-TTE,35,13,4.29,False
EF-TTE,30,7,2.31,False
EF-TTE,60,7,2.31,False
EF-TTE,20,7,2.31,False
EF-TTE,25,6,1.98,False
EF-TTE,15,2,0.66,False
EF-TTE,46,1,0.33,False
Region RWMA,0,217,71.62,False
Region RWMA,2,32,10.56,False
Region RWMA,1,26,8.58,False
Region RWMA,4,14,4.62,False
Region RWMA,3,14,4.62,False
VHD,mild,149,49.17,True
VHD,N,116,38.28,False
VHD,Moderate,27,8.91,False
VHD,Severe,11,3.63,False
LAD,Stenotic,177,58.42,False
LAD,Normal,126,41.58,False
LCX,Normal,184,60.73,False
LCX,Stenotic,119,39.27,False
RCA,Normal,189,62.38,False
RCA,Stenotic,114,37.62,False
Cath,CAD,216,71.29,True
Cath,Normal,87,28.71,False
