column_name,data_type,num_unique_values,missing_count,missing_percentage,suggested_type,example_values,medical_meaning
Age,int64,46,0,0.0,Numerical,"53, 67, 54",Meaning requires verification
Weight,int64,54,0,0.0,Numerical,"90, 70, 54",Meaning requires verification
Length,int64,44,0,0.0,Numerical,"175, 157, 164",Meaning requires verification
Sex,str,2,0,0.0,Categorical / Binary,"Male, Fmale",Meaning requires verification
BMI,float64,263,0,0.0,Numerical,"29.387755102040817, 28.398718000730252, 20.077334919690664",Meaning requires verification
DM,int64,2,0,0.0,Categorical / Binary,"0, 1",Meaning requires verification
HTN,int64,2,0,0.0,Categorical / Binary,"1, 0",Meaning requires verification
Current Smoker,int64,2,0,0.0,Categorical / Binary,"1, 0",Meaning requires verification
EX-Smoker,int64,2,0,0.0,Categorical / Binary,"0, 1",Meaning requires verification
FH,int64,2,0,0.0,Categorical / Binary,"0, 1",Meaning requires verification
Obesity,str,2,0,0.0,Categorical / Binary,"Y, N",Meaning requires verification
CRF,str,2,0,0.0,Categorical / Binary,"N, Y",Meaning requires verification
CVA,str,2,0,0.0,Categorical / Binary,"N, Y",Meaning requires verification
Airway disease,str,2,0,0.0,Categorical / Binary,"N, Y",Meaning requires verification
Thyroid Disease,str,2,0,0.0,Categorical / Binary,"N, Y",Meaning requires verification
CHF,str,2,0,0.0,Categorical / Binary,"N, Y",Meaning requires verification
DLP,str,2,0,0.0,Categorical / Binary,"Y, N",Meaning requires verification
BP,int64,17,0,0.0,Numerical,"110, 140, 100",Meaning requires verification
PR,int64,21,0,0.0,Numerical,"80, 100, 70",Meaning requires verification
Edema,int64,2,0,0.0,Categorical / Binary,"0, 1",Meaning requires verification
Weak Peripheral Pulse,str,2,0,0.0,Categorical / Binary,"N, Y",Meaning requires verification
Lung rales,str,2,0,0.0,Categorical / Binary,"N, Y",Meaning requires verification
Systolic Murmur,str,2,0,0.0,Categorical / Binary,"N, Y",Meaning requires verification
Diastolic Murmur,str,2,0,0.0,Categorical / Binary,"N, Y",Meaning requires verification
Typical Chest Pain,int64,2,0,0.0,Categorical / Binary,"0, 1",Meaning requires verification
Dyspnea,str,2,0,0.0,Categorical / Binary,"N, Y",Meaning requires verification
Function Class,int64,4,0,0.0,Categorical / Binary,"0, 3, 2",Meaning requires verification
Atypical,str,2,0,0.0,Categorical / Binary,"N, Y",Meaning requires verification
Nonanginal,str,2,0,0.0,Categorical / Binary,"N, Y",Meaning requires verification
Exertional CP,str,1,0,0.0,Categorical / Binary,N,Meaning requires verification
LowTH Ang,str,2,0,0.0,Categorical / Binary,"N, Y",Meaning requires verification
Q Wave,int64,2,0,0.0,Categorical / Binary,"0, 1",Meaning requires verification
St Elevation,int64,2,0,0.0,Categorical / Binary,"0, 1",Meaning requires verification
St Depression,int64,2,0,0.0,Categorical / Binary,"1, 0",Meaning requires verification
Tinversion,int64,2,0,0.0,Categorical / Binary,"1, 0",Meaning requires verification
LVH,str,2,0,0.0,Categorical / Binary,"N, Y",Meaning requires verification
Poor R Progression,str,2,0,0.0,Categorical / Binary,"N, Y",Meaning requires verification
BBB,str,3,0,0.0,Categorical / Binary,"N, LBBB, RBBB",Meaning requires verification
FBS,int64,113,0,0.0,Numerical,"90, 80, 85",Meaning requires verification
CR,float64,18,0,0.0,Numerical,"0.7, 1.0, 1.2",Meaning requires verification
TG,int64,147,0,0.0,Numerical,"250, 309, 103",Meaning requires verification
LDL,int64,110,0,0.0,Numerical,"155, 121, 70",Meaning requires verification
HDL,float64,47,0,0.0,Numerical,"30.0, 36.0, 45.0",Meaning requires verification
BUN,int64,33,0,0.0,Numerical,"8, 30, 17",Meaning requires verification
ESR,int64,58,0,0.0,Numerical,"7, 26, 10",Meaning requires verification
HB,float64,66,0,0.0,Numerical,"15.6, 13.9, 13.5",Meaning requires verification
K,float64,27,0,0.0,Numerical,"4.7, 4.4, 4.0",Meaning requires verification
Na,int64,25,0,0.0,Numerical,"141, 156, 139",Meaning requires verification
WBC,int64,78,0,0.0,Numerical,"5700, 7700, 7400",Meaning requires verification
Lymph,int64,50,0,0.0,Numerical,"39, 38, 18",Meaning requires verification
Neut,int64,52,0,0.0,Numerical,"52, 55, 60",Meaning requires verification
PLT,int64,135,0,0.0,Numerical,"261, 165, 230",Meaning requires verification
EF-TTE,int64,11,0,0.0,Numerical,"50, 40, 55",Meaning requires verification
Region RWMA,int64,5,0,0.0,Categorical / Binary,"0, 4, 2",Meaning requires verification
VHD,str,4,0,0.0,Categorical / Binary,"N, mild, Severe",Meaning requires verification
LAD,str,2,0,0.0,Categorical / Binary,"Stenotic, Normal",Meaning requires verification
LCX,str,2,0,0.0,Categorical / Binary,"Normal, Stenotic",Meaning requires verification
RCA,str,2,0,0.0,Categorical / Binary,"Stenotic, Normal",Meaning requires verification
Cath,str,2,0,0.0,Categorical / Binary,"CAD, Normal",Meaning requires verification
