target,model,class_weight,cv_folds,roc_auc_mean,roc_auc_std,pr_auc_mean,pr_auc_std,f1_mean,f1_std,accuracy_mean,accuracy_std,precision_mean,precision_std,recall_mean,recall_std,specificity_mean,specificity_std
y_cad,Logistic Regression,default,5,0.9265963326838837,0.036192976529577356,0.9694574579672427,0.012218782713988787,0.9010168176899418,0.03520182457469425,0.8577049180327869,0.04974280651955553,0.8930137762059959,0.03853094383078866,0.9119450317124735,0.05782501897636168,0.7235294117647058,0.11372549019607843
y_cad,Logistic Regression,balanced,5,0.9254439055396648,0.04080611118427598,0.9691399265871112,0.014369496096881295,0.88776426303002,0.033337075186143775,0.844535519125683,0.04510564041466428,0.9132099132099132,0.03622929930764525,0.86553911205074,0.050023125314740804,0.7928104575163398,0.09425371427900839
y_cad,Random Forest,default,5,0.9277985048846882,0.04367354827749936,0.9681097971443444,0.019803652996783112,0.9025120433272417,0.02796189453947683,0.8546448087431694,0.041626649241567996,0.8660727334412026,0.039439572249292794,0.944291754756871,0.043213344476084554,0.6339869281045751,0.11343212104531573
y_cad,Random Forest,balanced,5,0.9160697259876466,0.044940044398340685,0.9622580527190797,0.019646897488795362,0.9060783568481197,0.03646681490239648,0.8645355191256832,0.053109131906902834,0.8963432680116199,0.03976849712102084,0.9164904862579281,0.03799619610065843,0.7352941176470589,0.10948444029792619
y_cad,Gradient Boosting,default,5,0.9108154043858558,0.037312217269645294,0.9643012003775725,0.01590283270562381,0.8903316795161667,0.02962432453256655,0.8380874316939891,0.04457743844987535,0.8633296217744786,0.04224185987044613,0.9212473572938688,0.04320610354746714,0.6333333333333334,0.12203858841290254
y_cad,SVM,default,5,0.9090605093341072,0.0412916720607638,0.9506825913620105,0.032342724591171025,0.9017732905548332,0.024955558150976987,0.8546448087431694,0.03755374780021505,0.8715367551556266,0.03243208379512974,0.9350951374207188,0.030982435690016682,0.6555555555555556,0.09466074243258389
y_cad,SVM,balanced,5,0.909327198109688,0.04479106337641798,0.9573794627982561,0.02209129450140425,0.8963544452792339,0.02914903668479104,0.8545355191256832,0.04063626950294685,0.9101656314699792,0.03283112217706141,0.8841437632135305,0.04184551380545626,0.7816993464052288,0.08510295860403132
y_lad,Logistic Regression,default,5,0.8199174603174605,0.03402200523946207,0.8575751187799254,0.03201477556224443,0.7710143007012017,0.026315979150966055,0.7326775956284154,0.024025452576902223,0.7711537757269464,0.01981557516779578,0.7741269841269842,0.0584282242996463,0.6744615384615384,0.05932639633228319
y_lad,Logistic Regression,balanced,5,0.8178642246642246,0.03416915563188685,0.8557511797495015,0.03312840802012568,0.7437515945911468,0.049015331488992654,0.7161748633879782,0.043167807952975985,0.7818055555555554,0.018385867492636588,0.7122222222222223,0.07657903565887952,0.7221538461538461,0.025662350107068344
y_lad,Random Forest,default,5,0.848455921855922,0.038367755620454226,0.8814975802577745,0.031204588049577483,0.8133203711264188,0.02509965646139394,0.7659016393442623,0.036917573366451684,0.7659693684343398,0.044521157643274696,0.8701587301587302,0.037389629296594507,0.6190769230769232,0.10584615384615385
y_lad,Random Forest,balanced,5,0.8459777777777777,0.05219731504260387,0.8824943902408744,0.036729244897891485,0.8215717100053015,0.037757924014847906,0.785792349726776,0.04868634733529814,0.8036939726103813,0.04695934059747026,0.8420634920634921,0.0448900563373928,0.7058461538461538,0.09101869240361513
y_lad,Gradient Boosting,default,5,0.8417875457875457,0.06179373916050201,0.8854523938184767,0.047151828792404746,0.8046456223942823,0.03740446812027642,0.7691256830601093,0.044566853437658024,0.796058442343272,0.03530209367834346,0.814126984126984,0.04685202363742299,0.7061538461538462,0.0550588711284642
y_lad,SVM,default,5,0.820254945054945,0.05785086419131438,0.8464896646989686,0.058839732335738526,0.7912579245912579,0.03624219627998162,0.7361748633879781,0.041774374807006874,0.7354980539419899,0.032052711651950117,0.8592063492063492,0.06549153259408266,0.5640000000000001,0.07200000000000002
y_lad,SVM,balanced,5,0.8145772893772893,0.057028463012142934,0.8529511339405558,0.05114228982572416,0.7620141742926554,0.032299166564229334,0.7195628415300547,0.04100822575670329,0.7596638280623983,0.04806048876738677,0.7684126984126984,0.05405781550789409,0.6504615384615385,0.10333332060825781
y_lcx,Logistic Regression,default,5,0.6599583278931105,0.053339376475923544,0.5402978579127009,0.07223223244107388,0.49443103700453417,0.01970005305682109,0.6137704918032787,0.043346320726896634,0.5171113127646703,0.05325448227854136,0.4789855072463768,0.03227689485698563,0.7003003003003003,0.08598033404836417
y_lcx,Logistic Regression,balanced,5,0.6567480524002263,0.0546348852178291,0.5375946705678729,0.07625596331056965,0.549848752947454,0.024677870026689683,0.6169945355191256,0.03536933526761753,0.5150464299791914,0.038296083848699675,0.5960144927536232,0.055031926346933525,0.6297297297297296,0.08356553964183948
y_lcx,Random Forest,default,5,0.718244059276668,0.07833346844856433,0.5889264618838572,0.08890472670920836,0.44760550023707923,0.05863534831463818,0.6665027322404372,0.035136059620537646,0.6428571428571428,0.0906639655459989,0.34420289855072467,0.04618677095645639,0.8750750750750751,0.03641442976870658
y_lcx,Random Forest,balanced,5,0.7262281303042173,0.06563388248705854,0.5937749193523889,0.06236673023054289,0.5613811585240157,0.0373583277033946,0.6700546448087433,0.033479300577243985,0.5925274725274725,0.05488279745127338,0.538768115942029,0.05895451951055523,0.7555555555555555,0.05871158875603573
y_lcx,Gradient Boosting,default,5,0.7029589371980676,0.06851533801271954,0.5832370236139315,0.06821911084516387,0.5550319473807845,0.06469099323399367,0.6636065573770493,0.04301709315704404,0.5784057365636313,0.06316979420311451,0.5391304347826087,0.09059854876562483,0.7448948948948949,0.051701386768191374
y_lcx,SVM,default,5,0.6994421051486269,0.062276554255073786,0.5758517884306504,0.06393388244973515,0.4827648835737815,0.0583732747678495,0.6566666666666666,0.03436702342309906,0.5989188443135811,0.08630742832785179,0.41159420289855075,0.0704558774399021,0.8147147147147147,0.06468387607157959
y_lcx,SVM,balanced,5,0.7019845932889411,0.07780524614397312,0.5804714494497801,0.08369404799177285,0.6235324947589097,0.10040041094804392,0.6797814207650273,0.09536669885312085,0.5895353037766831,0.11707902287029914,0.6641304347826087,0.08221205310730575,0.6896396396396397,0.10697984824804352
y_rca,Logistic Regression,default,5,0.7101330267234157,0.028112700201080844,0.5723409209691825,0.042887089703793145,0.5315478424015009,0.07144370720614435,0.6733333333333333,0.027603255992864784,0.5826454811809781,0.044363114591237665,0.5086956521739131,0.1272064246811112,0.772972972972973,0.08506282201102885
y_rca,Logistic Regression,balanced,5,0.707625984628273,0.02596762005892207,0.5741006140283282,0.045637396841313425,0.5774545348372703,0.02870823526348531,0.6601639344262296,0.035851492454049616,0.551451056345867,0.04297024324308584,0.6225296442687747,0.09849751616108388,0.6829302987197724,0.10564920942269708
y_rca,Random Forest,default,5,0.6812195334506546,0.06228516319992954,0.5525628531450546,0.094524908369302,0.39965179175118326,0.06693414914932885,0.663224043715847,0.02440586674615923,0.6353698932646301,0.12130199266314963,0.3067193675889328,0.09018789373566269,0.8785206258890469,0.06755094502426642
y_rca,Random Forest,balanced,5,0.7024911587268566,0.032564820586971244,0.5772646033998996,0.06250579977013296,0.5171075625543711,0.03327768265967628,0.6633879781420766,0.03505838200779023,0.577443199502023,0.08094950158292882,0.4818181818181818,0.0740344799381957,0.7728307254623044,0.08991978112421918
y_rca,Gradient Boosting,default,5,0.6696877863925919,0.04395107993089262,0.5821666339429574,0.044566310898204994,0.4731479931944328,0.044258501633926535,0.6601092896174863,0.02409582034366086,0.5813873185637892,0.07977583893801331,0.4118577075098814,0.08315063267860681,0.810099573257468,0.07638307218476584
y_rca,SVM,default,5,0.6977501841346235,0.03018294667787177,0.5771606706810947,0.04840102708207691,0.39928571428571424,0.10087373396519846,0.6600546448087432,0.01988230171150483,0.5901960784313725,0.06859943405700351,0.3142292490118577,0.10591115420533014,0.8678520625889046,0.054940327329437655
y_rca,SVM,balanced,5,0.7061588111931362,0.028452739367114486,0.5739696695102608,0.04628998885110335,0.5812189161857548,0.06574006036231902,0.6700546448087431,0.04240718823387223,0.5648312356979405,0.0717068751186982,0.6209486166007905,0.13284631432545765,0.6991465149359886,0.11499107872304257
