sample_index,true_label,predicted_class,predicted_probability,fold
0,1,0,0.09732786186980469,4
1,0,0,0.31944548837916537,1
2,0,0,0.23609353532291838,1
3,0,0,0.42915854768092415,3
4,0,0,0.045816167064426545,4
5,1,1,0.7429903750052707,1
6,0,0,0.26067018184289514,1
7,1,1,0.5821353111524203,2
8,0,0,0.0034412376475296317,4
9,1,0,0.3742936170786057,4
10,0,0,0.2840052289599396,3
11,1,1,0.5516518018920324,1
12,1,1,0.7263079270820216,2
13,1,1,0.5100026290149613,4
14,0,0,0.36796074571579657,2
15,1,1,0.8343880948787593,3
16,0,0,0.027543399356467588,4
17,0,0,0.11777392613652082,2
18,1,1,0.7875251585607971,3
19,0,0,0.27558684627621594,2
20,0,0,0.10719328331447554,2
21,0,1,0.5146326777444751,5
22,0,1,0.942618362060141,3
23,1,1,0.8176529461899039,1
24,0,0,0.30951367716563455,4
25,0,0,0.45728174732728666,1
26,0,0,0.10176375814704239,3
27,1,0,0.24381254614025968,5
28,0,0,0.26171156566675474,2
29,0,0,0.41600931666510077,5
30,0,1,0.8040294252681052,1
31,1,0,0.2384469278670455,2
32,1,1,0.5253526575920194,4
33,1,1,0.591035590161266,5
34,1,0,0.15971182753898444,1
35,0,0,0.02913424344383896,1
36,0,1,0.6620171894073936,1
37,0,0,0.39560998108068723,3
38,0,1,0.7743336923266935,3
39,1,1,0.7994120864190802,1
40,0,1,0.9059938460805711,5
41,0,0,0.1587512005780688,2
42,0,0,0.014308991257605517,3
43,0,0,0.018183713167745422,2
44,1,0,0.3395363128503928,4
45,1,0,0.2910925209375682,2
46,1,0,0.015220893062767029,4
47,1,1,0.9287226737062609,3
48,0,0,0.06709469070515807,1
49,1,0,0.10067771327640085,5
50,0,0,0.3847035763331672,5
51,0,0,0.29447743508786367,2
52,1,0,0.19941956458395477,4
53,1,0,0.19325481583887769,1
54,0,0,0.02456138935559253,4
55,1,0,0.31464283315668795,2
56,1,1,0.598075598222304,3
57,1,0,0.44298353393404744,5
58,0,1,0.531823265266207,2
59,1,0,0.4852934628506848,5
60,0,0,0.20751313913102276,2
61,1,0,0.41893563042304577,1
62,1,1,0.5249355695475061,2
63,1,1,0.7401352118263005,5
64,0,0,0.0883116851387532,4
65,0,0,0.23068764071166672,5
66,0,0,0.13822934516368246,4
67,0,0,0.03456213127474829,5
68,0,0,0.012339324875885556,4
69,1,0,0.11279623495356073,4
70,0,0,0.07273265603053476,3
71,1,1,0.6450886855993613,1
72,0,0,0.43763568585475815,3
73,1,0,0.4889868971120324,2
74,1,0,0.19209720897210406,5
75,0,0,0.1800983501247665,1
76,0,1,0.6137092755416031,2
77,0,0,0.16668384213809906,4
78,0,0,0.20199576724963217,5
79,0,0,0.14117825005637602,5
80,1,1,0.7237164778384904,1
81,0,0,0.48014767129898167,5
82,0,1,0.5907943373264964,1
83,0,0,0.07506734990027576,1
84,1,1,0.8891807833385146,2
85,0,0,0.07370526367390873,2
86,1,1,0.9386988934725595,3
87,1,1,0.6637366443569502,3
88,0,1,0.9203699229171786,1
89,1,1,0.6111826144232808,2
90,1,1,0.5279459940497357,2
91,0,0,0.06990722977968167,4
92,1,1,0.9545422627722463,1
93,0,1,0.6833385243574825,2
94,0,0,0.3985174142609935,3
95,0,0,0.2562912852847076,4
96,1,0,0.4312354392459352,3
97,0,1,0.8677113151006088,1
98,0,1,0.6456365450031051,3
99,0,0,0.024359006652059922,2
100,0,1,0.8111069643037234,5
101,1,1,0.7725106370423539,3
102,0,0,0.10482113889218282,5
103,1,0,0.1623577688388521,2
104,0,1,0.6242157064050325,5
105,0,1,0.7204898925046814,1
106,0,0,0.08174327129842394,4
107,1,0,0.03571318175792453,2
108,0,0,0.0357600401377603,2
109,1,1,0.5440273214645441,1
110,0,0,0.19387356160584304,4
111,0,0,0.46246848007906566,5
112,1,1,0.7496986866574061,5
113,0,0,0.08413126768401254,5
114,1,1,0.92163888272376,2
115,1,1,0.6986087565321869,3
116,0,0,0.24463903475240298,5
117,0,1,0.8427936735291583,1
118,0,1,0.5618505628333113,3
119,1,0,0.2530004540423002,1
120,1,0,0.2829510904475977,2
121,1,1,0.7507846324839619,3
122,0,0,0.29871638744926104,3
123,0,0,0.20856180708000707,4
124,0,0,0.03336157592923087,1
125,1,0,0.1376988623895988,4
126,1,1,0.5243210717404211,2
127,0,1,0.8119886721098072,1
128,1,0,0.04016027847891331,1
129,0,0,0.13491978782226507,3
130,0,0,0.031573421102698354,2
131,0,1,0.8609618016396527,3
132,1,1,0.7021541476623305,4
133,0,0,0.2730915867796472,1
134,0,1,0.8234842600407574,1
135,1,1,0.7601505031577263,5
136,0,0,0.04582696771235187,5
137,0,0,0.42443841981304986,4
138,1,1,0.897592350401945,2
139,1,1,0.8274830938956386,1
140,0,0,0.030190416811584426,2
141,0,1,0.7376315804790172,2
142,0,0,0.006185177310549938,4
143,0,0,0.011285008113987744,5
144,1,1,0.9160207381527073,4
145,0,1,0.6804093367621239,3
146,0,1,0.8820453299090892,4
147,1,1,0.9678258161143757,3
148,1,1,0.625439180903894,1
149,1,1,0.6783651512680262,4
150,0,0,0.10912077469967219,2
151,0,0,0.03513017337684202,3
152,0,0,0.06512427558644748,1
153,0,0,0.21452492130781728,5
154,1,0,0.14504540645348615,2
155,0,1,0.7590567112721845,3
156,1,1,0.6953359896891429,1
157,1,0,0.060247495860456454,1
158,1,0,0.07904359071361106,2
159,0,1,0.9283993067100195,2
160,1,1,0.6168192055215372,5
161,0,1,0.5406260741581652,5
162,0,1,0.721363609117806,3
163,1,0,0.046729089185001946,1
164,1,1,0.849044806942293,4
165,0,0,0.18979550896272096,5
166,0,0,0.004580791283602756,3
167,0,0,0.16999272821836456,3
168,0,0,0.1313643736628391,2
169,0,0,0.03165988072950661,4
170,0,0,0.20717266261833697,1
171,0,1,0.5164821660101023,2
172,0,0,0.3269691085163539,5
173,1,1,0.5002006912235676,5
174,1,1,0.9251678676302871,4
175,0,0,0.38822497543591444,3
176,0,0,0.23518477673332375,2
177,1,1,0.7649094138940192,3
178,0,0,0.061913352993503507,4
179,0,0,0.2138427320288966,5
180,1,0,0.22956864436882093,3
181,0,0,0.49018317571626213,4
182,1,0,0.4545507353448569,4
183,0,0,0.08034892382941887,3
184,0,0,0.32926766161106596,5
185,0,0,0.10386524838327055,1
186,0,0,0.30204124977571384,2
187,0,0,0.4064545651297454,3
188,0,0,0.03155659769578716,1
189,1,0,0.22889873079887138,3
190,0,0,0.028236401459837534,4
191,0,1,0.8329891878251792,3
192,0,0,0.02856097238584241,2
193,0,0,0.10491512284414299,3
194,0,0,0.030860509130840576,5
195,1,0,0.40024751181639173,4
196,0,0,0.088407804490748,4
197,1,1,0.8250471908865794,3
198,0,1,0.6686206524086535,1
199,0,0,0.05601088590795168,5
200,0,0,0.3475457497375044,5
201,0,1,0.665332491264898,2
202,1,0,0.3420507894269368,5
203,0,0,0.2331723137655582,5
204,0,0,0.18633322487386542,1
205,1,0,0.0875026397106162,4
206,1,0,0.3410189864197777,2
207,0,1,0.6111830158365585,3
208,1,0,0.3236447269065792,3
209,0,1,0.7939518354509153,3
210,0,0,0.09344432800440186,4
211,1,0,0.361712154925712,3
212,0,0,0.04183635896254236,5
213,0,0,0.49203282114045593,5
214,0,1,0.740741504557858,4
215,0,1,0.8853522242282107,4
216,0,0,0.24085284124651926,3
217,0,0,0.16951885398224886,4
218,0,0,0.1456286385881925,2
219,1,0,0.08709830788691181,5
220,1,1,0.9153797932004181,3
221,0,0,0.05011541945294967,1
222,1,0,0.43340300198874604,4
223,1,0,0.24722388914893093,2
224,0,0,0.41365067258842964,3
225,1,0,0.4023038956893905,5
226,1,1,0.6460385676424031,3
227,0,0,0.23130285003080123,2
228,1,0,0.20343841276100322,3
229,0,1,0.5705095391002987,3
230,0,1,0.504113734855239,5
231,1,1,0.8108883083604758,5
232,1,0,0.24894826734822853,2
233,0,0,0.22097409992676179,4
234,0,1,0.6461555142685051,4
235,0,0,0.3695563304521074,5
236,0,0,0.18215472470053748,2
237,0,0,0.19508320612044475,2
238,0,0,0.05734397992011742,5
239,0,0,0.34489928817699117,3
240,1,1,0.7656127525275268,2
241,0,0,0.39417445610766116,2
242,1,1,0.6140649163485632,5
243,1,0,0.45210961607644046,1
244,1,0,0.3774872318934271,3
245,0,0,0.4182613109778708,1
246,1,1,0.7596561932299225,1
247,0,0,0.03959273405322553,1
248,1,1,0.9006767179198146,1
249,1,1,0.5715765328652409,2
250,0,1,0.8540107880928114,1
251,0,0,0.006899954544474928,4
252,1,0,0.19210673390601407,5
253,0,0,0.29828893681626234,5
254,0,1,0.6051301652264887,4
255,0,0,0.004479517243445875,5
256,0,0,0.2925422219767755,2
257,0,0,0.05133360272424476,3
258,0,0,0.2150847086020112,2
259,1,0,0.4460796592612861,4
260,1,1,0.9165992602976125,5
261,0,0,0.1913597999704942,4
262,0,0,0.21437514640789862,2
263,0,0,0.047052896688502426,3
264,0,0,0.019257424874292155,1
265,1,0,0.18341258412933373,4
266,1,0,0.41141947766672415,4
267,0,0,0.47236639148204823,4
268,0,0,0.007577634515245131,1
269,1,0,0.02926109297249279,4
270,0,0,0.020029775253563174,3
271,0,0,0.47783632685749394,4
272,0,0,0.22753512680848761,5
273,1,1,0.9707070915051231,5
274,1,0,0.43067460347569614,1
275,1,1,0.6044641390532687,3
276,0,0,0.08036402648986456,1
277,0,0,0.2764160142302602,4
278,1,0,0.3368861736859526,4
279,0,0,0.4091900061154461,3
280,0,0,0.38571699464986053,1
281,0,1,0.577133059131069,3
282,1,1,0.6116662153648013,5
283,1,0,0.43596128552165847,1
284,0,0,0.1768180306817495,5
285,0,0,0.060448008574962755,3
286,0,0,0.22601436305147085,1
287,0,0,0.0727933200405468,2
288,1,0,0.03545399246073694,5
289,0,0,0.014756844050579702,4
290,0,0,0.15763613850298144,2
291,0,0,0.13847587994688276,5
292,0,0,0.37804844787274894,5
293,0,1,0.5508814111943926,1
294,1,1,0.9379579307427676,3
295,0,0,0.052413706238087145,2
296,0,0,0.013950244311048984,4
297,0,0,0.043808596840039904,1
298,1,0,0.35654510739786544,5
299,0,0,0.007663041614459172,2
300,0,0,0.020751587879554986,1
301,0,0,0.1021319707428174,4
302,0,0,0.24670824573906805,1
